学号,课程名,成绩
200840703035,毛泽东思想和中国特色社会主义理论体系概论,0
200840703035,思想道德修养与法律基础,75
200840703035,中国近现代史纲要,80
200840703035,马克思主义基本原理,40
200840703035,马克思主义基本原理,46
200840703035,马克思主义基本原理,53
200840703035,篮球AⅠ（男）,65
200840703035,篮球AⅡ（男）,60
200840703035,田径、定向越野BⅠ（男）,0
200840703035,田径、定向越野BⅡ（男）,0
200840703035,高等数学ⅠA,35
200840703035,高等数学ⅠA,16
200840703035,高等数学ⅠA,0
200840703035,高等数学ⅠA,36
200840703035,高等数学ⅠA,47
200840703035,高等数学ⅠB,3
200840703035,高等数学ⅠB,0
200840703035,高等数学ⅠB,17
200840703035,高等数学ⅠB,27
200840703035,工程数学I,0
200840703035,工程数学I,21
200840703035,工程数学I,26
200840703035,工程数学I,16
200840703035,工程数学I,15
200840703035,工程数学Ⅱ,0
200840703035,普通物理IA,35
200840703035,普通物理IA,22
200840703035,普通物理IA,37
200840703035,普通物理IA,16
200840703035,普通物理IA,20
200840703035,普通物理IB,24
200840703035,普通物理实验IIA,79
200840703035,普通物理实验IIB,88
200840703035,普通物理实验IIB,85
200840703035,电工电子技术Ⅱ,25
200840703035,电工电子技术Ⅱ,9
200840703035,电工电子技术Ⅱ,22
200840703035,电工电子技术ⅡB,9
200840703035,数字逻辑,16
200840703035,数字逻辑,12
200840703035,高级程序设计语言,60
200840703035,计算机科学导论,85
200840703035,数理逻辑,60
200840703035,大学英语IA,60
200840703035,大学英语IA,54
200840703035,大学英语IB,60
200840703035,大学英语IB,32
200840703035,FLASH动画设计与制作,82
200840703035,时装设计风格分析与鉴赏,0
200840703035,网页设计,0
200940703046,毛泽东思想、邓论和“三个代表”思想概论,88
200940703046,毛泽东思想和中国特色社会主义理论体系概论,63
200940703046,思想道德修养与法律基础,67
200940703046,中国近现代史纲要,84
200940703046,马克思主义基本原理,74
200940703046,形势与政策,86
200940703046,网球BⅠ（女）,83
200940703046,网球BⅡ（女）,84
200940703046,乒乓球AⅠ（女）,70
200940703046,乒乓球AⅡ（女）,91
200940703046,高等数学ⅠA,80
200940703046,高等数学ⅠB,62
200940703046,工程数学I,71
200940703046,工程数学Ⅱ,65
200940703046,普通物理实验IIA,87
200940703046,普通物理实验IIB,89
200940703046,电工电子技术ⅡB,60
200940703046,电工电子实验ⅡB,62
200940703046,毕业论文,85
200940703046,汇编语言程序设计,60
200940703046,数字逻辑,60
200940703046,计算机组成与结构,60
200940703046,数据结构,64
200940703046,数据库原理,80
200940703046,计算机操作系统原理,78
200940703046,编译原理,68
200940703046,软件工程,77
200940703046,数据库系统设计,85
200940703046,面向对象程序设计方法,60
200940703046,算法设计与分析,90
200940703046,大数据技术,0
200940703046,大数据技术,88
200940703046,离散数学Ⅱ,60
200940703046,高级程序设计语言,69
200940703046,数据结构课程设计,87
200940703046,软件设计方法,90
200940703046,MFC程序设计基础,72
200940703046,面向对象程序设计方法课程设计,90
200940703046,Java软件开发,81
200940703046,数据挖掘技术,80
200940703046,软件项目管理,79
200940703046,设计模式,70
200940703046,Web开发基础,78
200940703046,计算机网络原理,62
200940703046,人工智能及应用,91
200940703046,数理逻辑,81
200940703046,计算机专业英语,78
200940703046,大学英语IA,60
200940703046,大学英语IB,62
200940703046,大学英语IC,60
200940703046,大学英语ID,64
200940703046,桥牌与逻辑思维,87
200940703046,现代物流与电子商务,82
200940703046,《红楼梦》解读,68
200940703046,汽车及使用（东校区）,75
200940703046,数码时代：影像与我,75
201040703034,毛泽东思想和中国特色社会主义理论体系概论,70
201040703034,毛泽东思想和中国特色社会主义理论体系概论,63
201040703034,思想道德修养与法律基础,77
201040703034,中国近现代史纲要,64
201040703034,马克思主义基本原理,55
201040703034,马克思主义基本原理,60
201040703034,形势与政策,86
201040703034,网球BⅠ（男）,78
201040703034,网球BⅡ（男）,91
201040703034,武术散打AⅠ（男）,89
201040703034,武术散打AⅡ（男）,87
201040703034,高等数学ⅠA,63
201040703034,高等数学ⅠB,37
201040703034,高等数学ⅠB,24
201040703034,高等数学ⅠB,60
201040703034,高等数学ⅠB,0
201040703034,高等数学ⅠB,0
201040703034,工程数学I,60
201040703034,工程数学I,34
201040703034,工程数学I,50
201040703034,工程数学Ⅱ,68
201040703034,普通物理IA,62
201040703034,普通物理IB,70
201040703034,普通物理实验IIA,85
201040703034,普通物理实验IIB,89
201040703034,电工电子技术Ⅱ,60
201040703034,电工电子技术Ⅱ,54
201040703034,毕业论文,85
201040703034,汇编语言程序设计,66
201040703034,数字逻辑,66
201040703034,计算机组成与结构,75
201040703034,数据结构,67
201040703034,数据库原理,80
201040703034,计算机操作系统原理,64
201040703034,编译原理,60
201040703034,软件工程,70
201040703034,数据库系统设计,71
201040703034,面向对象程序设计方法,50
201040703034,面向对象程序设计方法,60
201040703034,算法设计与分析,72
201040703034,离散数学Ⅱ,65
201040703034,高级程序设计语言,69
201040703034,数据结构课程设计,79
201040703034,软件设计方法,60
201040703034,MFC程序设计基础,68
201040703034,Java软件开发,77
201040703034,数据挖掘技术,67
201040703034,软件项目管理,75
201040703034,计算机科学导论,85
201040703034,设计模式,70
201040703034,Web开发基础,79
201040703034,计算机网络原理,71
201040703034,人工智能及应用,81
201040703034,数理逻辑,60
201040703034,计算机专业英语,89
201040703034,大学英语IA,68
201040703034,大学英语IB,61
201040703034,大学英语IC,50
201040703034,大学英语IC,60
201040703034,大学英语ID,60
201040703034,影视动画设计,80
201040703034,数码照片拍摄及后期处理,72
201040703034,国学背诵,0
201040703034,琴棋书画,85
201040703034,感染性疾病及其预防,60
201040703034,零起点PHP专业Web网站设计与开发,0
201040703034,汽车及使用,87
201040703034,计算机操作系统原理,90
201040703034,计算机组成与结构,83
201040703034,计算机网络原理,85
201040703034,数据结构,76
201040703035,毛泽东思想和中国特色社会主义理论体系概论,91
201040703035,毛泽东思想和中国特色社会主义理论体系概论,87
201040703035,思想道德修养与法律基础,87
201040703035,中国近现代史纲要,82
201040703035,马克思主义基本原理,79
201040703035,形势与政策,82
201040703035,篮球AⅠ（男）,88
201040703035,篮球AⅡ（男）,91
201040703035,网球BⅠ（男）,80
201040703035,网球BⅡ（男）,98
201040703035,高等数学ⅠA,89
201040703035,高等数学ⅠB,88
201040703035,工程数学I,96
201040703035,工程数学Ⅱ,93
201040703035,普通物理IA,78
201040703035,普通物理IB,87
201040703035,普通物理实验IIA,88
201040703035,普通物理实验IIB,91
201040703035,电工电子技术Ⅱ,97
201040703035,毕业论文,88
201040703035,汇编语言程序设计,93
201040703035,数字逻辑,90
201040703035,计算机组成与结构,87
201040703035,数据结构,96
201040703035,数据库原理,91
201040703035,计算机操作系统原理,93
201040703035,编译原理,95
201040703035,软件工程,69
201040703035,数据库系统设计,83
201040703035,面向对象程序设计方法,98
201040703035,算法设计与分析,87
201040703035,离散数学Ⅱ,92
201040703035,高级程序设计语言,96
201040703035,数据结构课程设计,95
201040703035,软件设计方法,78
201040703035,MFC程序设计基础,72
201040703035,Java软件开发,84
201040703035,数据挖掘技术,71
201040703035,软件项目管理,78
201040703035,计算机科学导论,89
201040703035,设计模式,76
201040703035,Web开发基础,82
201040703035,计算机网络原理,97
201040703035,人工智能及应用,82
201040703035,数理逻辑,90
201040703035,计算机专业英语,83
201040703035,大学英语IA,77
201040703035,大学英语IB,70
201040703035,大学英语IC,78
201040703035,大学英语ID,75
201040703035,c/c++程序设计基础,96
201040703035,PhotoshopCS2平面设计(东校区),85
201040703035,网页设计,84
201040703035,Linux环境程序设计,70
201040703035,图像处理与分析导论,82
201040703036,毛泽东思想和中国特色社会主义理论体系概论,86
201040703036,毛泽东思想和中国特色社会主义理论体系概论,81
201040703036,思想道德修养与法律基础,79
201040703036,中国近现代史纲要,82
201040703036,马克思主义基本原理,60
201040703036,形势与政策,86
201040703036,网球BⅠ（男）,85
201040703036,网球BⅡ（男）,97
201040703036,体操AⅠ（男）,82
201040703036,体操AⅡ（男）,89
201040703036,高等数学ⅠA,77
201040703036,高等数学ⅠB,75
201040703036,工程数学I,75
201040703036,工程数学Ⅱ,88
201040703036,普通物理IA,81
201040703036,普通物理IB,81
201040703036,普通物理实验IIA,84
201040703036,普通物理实验IIB,85
201040703036,电工电子技术Ⅱ,78
201040703036,毕业论文,86
201040703036,汇编语言程序设计,87
201040703036,数字逻辑,82
201040703036,计算机组成与结构,88
201040703036,数据结构,90
201040703036,数据库原理,80
201040703036,计算机操作系统原理,86
201040703036,编译原理,69
201040703036,软件工程,82
201040703036,数据库系统设计,72
201040703036,面向对象程序设计方法,90
201040703036,算法设计与分析,84
201040703036,离散数学Ⅱ,79
201040703036,高级程序设计语言,90
201040703036,数据结构课程设计,79
201040703036,软件设计方法,76
201040703036,MFC程序设计基础,70
201040703036,Java软件开发,93
201040703036,数据挖掘技术,64
201040703036,软件项目管理,72
201040703036,计算机科学导论,82
201040703036,设计模式,75
201040703036,Web开发基础,76
201040703036,计算机网络原理,84
201040703036,人工智能及应用,81
201040703036,数理逻辑,84
201040703036,计算机专业英语,89
201040703036,大学英语IA,60
201040703036,大学英语IB,61
201040703036,大学英语IC,64
201040703036,大学英语ID,75
201040703036,管理学,84
201040703036,图像处理与分析导论,86
201040703036,网页设计,75
201040703036,视频处理与欣赏,81
201040703036,Android智能平台软件开发技术,69
201040703036,计算机操作系统原理,90
201040703036,计算机组成与结构,80
201040703036,计算机网络原理,85
201040703036,数据结构,81
201040703037,毛泽东思想和中国特色社会主义理论体系概论,82
201040703037,毛泽东思想和中国特色社会主义理论体系概论,83
201040703037,思想道德修养与法律基础,86
201040703037,中国近现代史纲要,77
201040703037,马克思主义基本原理,61
201040703037,形势与政策,90
201040703037,健美操AⅠ（女）,94
201040703037,健美操AⅡ（女）,97
201040703037,健美操BⅠ（女）,90
201040703037,健美操BⅡ（女）,97
201040703037,高等数学ⅠA,91
201040703037,高等数学ⅠB,83
201040703037,工程数学I,83
201040703037,工程数学Ⅱ,93
201040703037,普通物理IA,71
201040703037,普通物理IB,83
201040703037,普通物理实验IIA,88
201040703037,普通物理实验IIB,90
201040703037,电工电子技术Ⅱ,93
201040703037,毕业论文,80
201040703037,汇编语言程序设计,88
201040703037,数字逻辑,86
201040703037,计算机组成与结构,93
201040703037,数据结构,90
201040703037,数据库原理,87
201040703037,计算机操作系统原理,90
201040703037,编译原理,88
201040703037,软件工程,89
201040703037,数据库系统设计,74
201040703037,面向对象程序设计方法,92
201040703037,算法设计与分析,93
201040703037,离散数学Ⅱ,88
201040703037,高级程序设计语言,90
201040703037,数据结构课程设计,85
201040703037,软件设计方法,79
201040703037,MFC程序设计基础,80
201040703037,Java软件开发,79
201040703037,数据挖掘技术,69
201040703037,软件项目管理,82
201040703037,计算机科学导论,91
201040703037,设计模式,80
201040703037,Web开发基础,84
201040703037,计算机网络原理,92
201040703037,人工智能及应用,85
201040703037,数理逻辑,91
201040703037,计算机专业英语,89
201040703037,大学英语IA,71
201040703037,大学英语IB,69
201040703037,大学英语IC,76
201040703037,大学英语ID,72
201040703037,财政学,83
201040703037,会计学原理,60
201040703037,西方经济学（微观）,81
201040703037,国际经济学,92
201040703037,统计学,76
201040703037,西方经济学（宏观）,78
201040703037,银行管理学,76
201040703037,国际金融实务,80
201040703037,投资学,75
201040703037,基金管理,69
201040703037,公司财务管理,87
201040703037,个人理财,76
201040703037,货币金融学,79
201040703037,计量经济学,87
201040703037,二专业毕业论文,85
201040703037,经济法,92
201040703037,国际贸易实务,67
201040703037,数据库技术,81
201040703037,大学生心理健康,97
201040703037,服饰美学,75
201040703037,C语言程序设计,81
201040703037,材料世界漫谈,90
201040703038,毛泽东思想和中国特色社会主义理论体系概论,69
201040703038,毛泽东思想和中国特色社会主义理论体系概论,71
201040703038,思想道德修养与法律基础,80
201040703038,中国近现代史纲要,72
201040703038,马克思主义基本原理,68
201040703038,形势与政策,84
201040703038,健身BⅠ（男）,80
201040703038,健身BⅡ（男）,85
201040703038,武术散打AⅠ（男）,83
201040703038,武术散打AⅡ（男）,78
201040703038,高等数学ⅠA,78
201040703038,高等数学ⅠB,79
201040703038,工程数学I,69
201040703038,工程数学Ⅱ,92
201040703038,普通物理IA,80
201040703038,普通物理IB,52
201040703038,普通物理IB,60
201040703038,普通物理实验IIA,84
201040703038,普通物理实验IIB,87
201040703038,电工电子技术Ⅱ,66
201040703038,毕业论文,65
201040703038,汇编语言程序设计,70
201040703038,数字逻辑,67
201040703038,计算机组成与结构,60
201040703038,数据结构,67
201040703038,数据库原理,80
201040703038,计算机操作系统原理,80
201040703038,编译原理,83
201040703038,软件工程,77
201040703038,数据库系统设计,89
201040703038,面向对象程序设计方法,77
201040703038,算法设计与分析,89
201040703038,离散数学Ⅱ,68
201040703038,高级程序设计语言,76
201040703038,数据结构课程设计,84
201040703038,软件设计方法,65
201040703038,MFC程序设计基础,70
201040703038,Java软件开发,77
201040703038,数据挖掘技术,60
201040703038,软件项目管理,75
201040703038,计算机科学导论,79
201040703038,设计模式,75
201040703038,Web开发基础,81
201040703038,计算机网络原理,93
201040703038,人工智能及应用,80
201040703038,数理逻辑,76
201040703038,计算机专业英语,73
201040703038,大学英语IA,79
201040703038,大学英语IB,72
201040703038,大学英语IC,56
201040703038,大学英语IC,60
201040703038,大学英语ID,61
201040703038,经典电影赏析,72
201040703038,市场调查与市场预测,78
201040703038,国际经典影视广告赏析,86
201040703038,大学生创业素质培养,66
201040703038,Visual C++ 程序设计,83
201040703039,毛泽东思想和中国特色社会主义理论体系概论,73
201040703039,毛泽东思想和中国特色社会主义理论体系概论,78
201040703039,思想道德修养与法律基础,79
201040703039,中国近现代史纲要,82
201040703039,马克思主义基本原理,62
201040703039,形势与政策,80
201040703039,篮球BⅠ（男）,70
201040703039,篮球BⅡ（男）,67
201040703039,体操AⅠ（男）,61
201040703039,体操AⅡ（男）,61
201040703039,高等数学ⅠA,80
201040703039,高等数学ⅠB,78
201040703039,工程数学I,66
201040703039,工程数学Ⅱ,51
201040703039,工程数学Ⅱ,60
201040703039,普通物理IA,78
201040703039,普通物理IB,73
201040703039,普通物理实验IIA,88
201040703039,普通物理实验IIB,89
201040703039,电工电子技术Ⅱ,72
201040703039,毕业论文,93
201040703039,汇编语言程序设计,78
201040703039,数字逻辑,83
201040703039,计算机组成与结构,90
201040703039,数据结构,94
201040703039,数据库原理,90
201040703039,计算机操作系统原理,88
201040703039,编译原理,76
201040703039,软件工程,81
201040703039,数据库系统设计,91
201040703039,面向对象程序设计方法,92
201040703039,算法设计与分析,91
201040703039,离散数学Ⅱ,93
201040703039,高级程序设计语言,98
201040703039,数据结构课程设计,95
201040703039,软件设计方法,95
201040703039,MFC程序设计基础,85
201040703039,Java软件开发,91
201040703039,数据挖掘技术,76
201040703039,软件项目管理,98
201040703039,计算机科学导论,83
201040703039,设计模式,95
201040703039,Web开发基础,98
201040703039,计算机网络原理,96
201040703039,人工智能及应用,95
201040703039,数理逻辑,100
201040703039,计算机专业英语,92
201040703039,大学英语IA,84
201040703039,大学英语IB,82
201040703039,大学英语IC,79
201040703039,大学英语ID,89
201040703039,生活中的博弈与英语单词记忆,90
201040703039,Linux环境程序设计,89
201040703039,网页设计,79
201040703039,Android智能平台软件开发技术,88
201040703039,快乐日本语,72
201040703040,毛泽东思想和中国特色社会主义理论体系概论,82
201040703040,毛泽东思想和中国特色社会主义理论体系概论,53
201040703040,毛泽东思想和中国特色社会主义理论体系概论,60
201040703040,思想道德修养与法律基础,78
201040703040,中国近现代史纲要,86
201040703040,马克思主义基本原理,70
201040703040,形势与政策,80
201040703040,篮球AⅠ（女）,87
201040703040,篮球AII（女）,81
201040703040,乒乓球BⅠ（女）,90
201040703040,乒乓球BⅡ（女）,91
201040703040,高等数学ⅠA,78
201040703040,高等数学ⅠB,70
201040703040,工程数学I,68
201040703040,工程数学Ⅱ,68
201040703040,普通物理IA,71
201040703040,普通物理IB,68
201040703040,普通物理实验IIA,88
201040703040,普通物理实验IIB,90
201040703040,电工电子技术Ⅱ,78
201040703040,毕业论文,73
201040703040,汇编语言程序设计,76
201040703040,数字逻辑,43
201040703040,数字逻辑,60
201040703040,计算机组成与结构,60
201040703040,数据结构,64
201040703040,数据库原理,75
201040703040,计算机操作系统原理,63
201040703040,编译原理,60
201040703040,软件工程,82
201040703040,数据库系统设计,78
201040703040,面向对象程序设计方法,65
201040703040,算法设计与分析,88
201040703040,离散数学Ⅱ,60
201040703040,高级程序设计语言,86
201040703040,数据结构课程设计,81
201040703040,软件设计方法,66
201040703040,MFC程序设计基础,74
201040703040,Java软件开发,88
201040703040,数据挖掘技术,73
201040703040,软件项目管理,75
201040703040,计算机科学导论,83
201040703040,设计模式,75
201040703040,Web开发基础,86
201040703040,计算机网络原理,77
201040703040,人工智能及应用,81
201040703040,数理逻辑,84
201040703040,计算机专业英语,91
201040703040,大学英语IA,71
201040703040,大学英语IB,61
201040703040,大学英语IC,55
201040703040,大学英语IC,60
201040703040,大学英语IC,49
201040703040,大学英语IC,55
201040703040,大学英语ID,62
201040703040,大学生必须培养的66种明智思维,84
201040703040,运动营养与健康,69
201040703040,国际知名品牌服饰鉴赏,86
201040703040,互联网与计算机系统安全操作实用指南,90
201040703040,汽车及使用,74
201040703042,毛泽东思想和中国特色社会主义理论体系概论,83
201040703042,毛泽东思想和中国特色社会主义理论体系概论,91
201040703042,思想道德修养与法律基础,92
201040703042,中国近现代史纲要,87
201040703042,马克思主义基本原理,92
201040703042,形势与政策,88
201040703042,乒乓球AⅠ（女）,92
201040703042,乒乓球AⅡ（女）,96
201040703042,乒乓球BⅠ（女）,99
201040703042,乒乓球BⅡ（女）,98
201040703042,高等数学ⅠA,96
201040703042,高等数学ⅠB,91
201040703042,工程数学I,94
201040703042,工程数学Ⅱ,97
201040703042,普通物理IA,88
201040703042,普通物理IB,85
201040703042,普通物理实验IIA,89
201040703042,普通物理实验IIB,92
201040703042,电工电子技术Ⅱ,98
201040703042,毕业论文,88
201040703042,汇编语言程序设计,95
201040703042,数字逻辑,97
201040703042,计算机组成与结构,95
201040703042,数据结构,97
201040703042,数据库原理,95
201040703042,计算机操作系统原理,96
201040703042,编译原理,96
201040703042,软件工程,93
201040703042,数据库系统设计,81
201040703042,面向对象程序设计方法,97
201040703042,算法设计与分析,91
201040703042,离散数学Ⅱ,93
201040703042,高级程序设计语言,97
201040703042,数据结构课程设计,93
201040703042,软件设计方法,91
201040703042,MFC程序设计基础,80
201040703042,Java软件开发,91
201040703042,数据挖掘技术,94
201040703042,软件项目管理,90
201040703042,计算机科学导论,91
201040703042,设计模式,88
201040703042,Web开发基础,88
201040703042,计算机网络原理,97
201040703042,人工智能及应用,98
201040703042,数理逻辑,92
201040703042,计算机专业英语,97
201040703042,论文写作,85
201040703042,大学英语IA,77
201040703042,大学英语IB,79
201040703042,大学英语IC,93
201040703042,大学英语ID,86
201040703042,基础英语a,85
201040703042,基础英语b,79
201040703042,高级英语a,81
201040703042,语音a,84
201040703042,口语a,90
201040703042,口语b,90
201040703042,笔译a,87
201040703042,笔译b,90
201040703042,口译a,87
201040703042,阅读a,87
201040703042,阅读b,90
201040703042,英语国家概况a,91
201040703042,英语国家概况b,92
201040703042,英国文学a,79
201040703042,英国文学b,88
201040703042,美国文学a,80
201040703042,视听a,88
201040703042,国学背诵,98
201040703042,琴棋书画,84
201040703042,数据库技术,86
201040703042,数学模型与数学实验,81
201040703042,经典研读,94
201040703042,毕业论文,85
201040703042,毕业论文,0
201040703043,毛泽东思想和中国特色社会主义理论体系概论,76
201040703043,毛泽东思想和中国特色社会主义理论体系概论,60
201040703043,思想道德修养与法律基础,71
201040703043,中国近现代史纲要,74
201040703043,马克思主义基本原理,60
201040703043,形势与政策,86
201040703043,足球AⅠ（男）,80
201040703043,足球AⅡ（男）,83
201040703043,足球BⅠ（男）,64
201040703043,足球BⅡ（男）,60
201040703043,高等数学ⅠA,63
201040703043,高等数学ⅠB,64
201040703043,工程数学I,60
201040703043,工程数学Ⅱ,61
201040703043,普通物理IA,60
201040703043,普通物理IA,38
201040703043,普通物理IB,48
201040703043,普通物理IB,60
201040703043,普通物理实验IIA,84
201040703043,普通物理实验IIB,91
201040703043,电工电子技术Ⅱ,60
201040703043,电工电子技术Ⅱ,16
201040703043,电工电子技术Ⅱ,50
201040703043,毕业论文,89
201040703043,汇编语言程序设计,46
201040703043,汇编语言程序设计,80
201040703043,数字逻辑,15
201040703043,数字逻辑,9
201040703043,数字逻辑,60
201040703043,计算机组成与结构,80
201040703043,计算机组成与结构,30
201040703043,数据结构,60
201040703043,数据库原理,60
201040703043,计算机操作系统原理,75
201040703043,编译原理,60
201040703043,软件工程,66
201040703043,数据库系统设计,77
201040703043,面向对象程序设计方法,46
201040703043,面向对象程序设计方法,60
201040703043,算法设计与分析,87
201040703043,离散数学Ⅱ,60
201040703043,高级程序设计语言,61
201040703043,数据结构课程设计,89
201040703043,软件设计方法,71
201040703043,MFC程序设计基础,68
201040703043,Java软件开发,73
201040703043,数据挖掘技术,84
201040703043,软件项目管理,83
201040703043,计算机科学导论,82
201040703043,设计模式,75
201040703043,Web开发基础,80
201040703043,计算机网络原理,65
201040703043,人工智能及应用,72
201040703043,数理逻辑,64
201040703043,计算机专业英语,80
201040703043,大学英语IA,70
201040703043,大学英语IB,67
201040703043,大学英语IC,60
201040703043,大学英语IC,51
201040703043,大学英语ID,60
201040703043,Solidworks三维造型（东校区）,75
201040703043,大学生就业指导与职业生涯规划,91
201040703043,数据库技术,74
201040703043,视频处理与欣赏,88
201040703043,网络与计算机实用技术,78
201040703044,毛泽东思想和中国特色社会主义理论体系概论,80
201040703044,毛泽东思想和中国特色社会主义理论体系概论,82
201040703044,思想道德修养与法律基础,79
201040703044,中国近现代史纲要,74
201040703044,马克思主义基本原理,60
201040703044,马克思主义基本原理,48
201040703044,形势与政策,82
201040703044,足球AⅠ（男）,66
201040703044,足球AⅡ（男）,70
201040703044,足球BⅠ（男）,65
201040703044,足球BⅡ（男）,68
201040703044,高等数学ⅠA,91
201040703044,高等数学ⅠB,94
201040703044,工程数学I,83
201040703044,工程数学Ⅱ,93
201040703044,普通物理IA,94
201040703044,普通物理IB,86
201040703044,普通物理实验IIA,86
201040703044,普通物理实验IIB,88
201040703044,电工电子技术Ⅱ,85
201040703044,毕业论文,67
201040703044,汇编语言程序设计,86
201040703044,数字逻辑,88
201040703044,计算机组成与结构,87
201040703044,数据结构,86
201040703044,数据库原理,87
201040703044,计算机操作系统原理,88
201040703044,编译原理,82
201040703044,软件工程,74
201040703044,数据库系统设计,91
201040703044,面向对象程序设计方法,93
201040703044,算法设计与分析,87
201040703044,离散数学Ⅱ,94
201040703044,高级程序设计语言,93
201040703044,数据结构课程设计,94
201040703044,软件设计方法,82
201040703044,MFC程序设计基础,70
201040703044,Java软件开发,89
201040703044,数据挖掘技术,60
201040703044,软件项目管理,84
201040703044,计算机科学导论,83
201040703044,设计模式,81
201040703044,Web开发基础,85
201040703044,计算机网络原理,88
201040703044,人工智能及应用,85
201040703044,数理逻辑,96
201040703044,计算机专业英语,78
201040703044,大学英语IA,77
201040703044,大学英语IB,81
201040703044,大学英语IC,77
201040703044,大学英语ID,70
201040703044,计算机组装与维护(东校区）,88
201040703044,图像处理与分析导论,81
201040703044,大学生创业素质培养,74
201040703044,网页设计,91
201040703044,互联网与计算机系统安全操作实用指南,90
201040703044,Visual C++ 程序设计,87
201040703044,计算机操作系统原理,98
201040703044,计算机组成与结构,80
201040703044,计算机网络原理,85
201040703044,数据结构,96
201040703045,毛泽东思想和中国特色社会主义理论体系概论,73
201040703045,毛泽东思想和中国特色社会主义理论体系概论,66
201040703045,思想道德修养与法律基础,69
201040703045,中国近现代史纲要,79
201040703045,马克思主义基本原理,60
201040703045,马克思主义基本原理,51
201040703045,形势与政策,82
201040703045,篮球BⅠ（男）,76
201040703045,篮球BⅡ（男）,81
201040703045,武术散打AⅠ（男）,86
201040703045,武术散打AⅡ（男）,75
201040703045,高等数学ⅠA,61
201040703045,高等数学ⅠB,68
201040703045,工程数学I,60
201040703045,工程数学Ⅱ,82
201040703045,普通物理IA,77
201040703045,普通物理IB,67
201040703045,普通物理实验IIA,80
201040703045,普通物理实验IIB,89
201040703045,电工电子技术Ⅱ,80
201040703045,毕业论文,83
201040703045,汇编语言程序设计,79
201040703045,数字逻辑,73
201040703045,计算机组成与结构,60
201040703045,数据结构,60
201040703045,数据库原理,68
201040703045,计算机操作系统原理,69
201040703045,编译原理,72
201040703045,软件工程,89
201040703045,数据库系统设计,86
201040703045,面向对象程序设计方法,75
201040703045,算法设计与分析,88
201040703045,离散数学Ⅱ,75
201040703045,高级程序设计语言,84
201040703045,数据结构课程设计,86
201040703045,软件设计方法,76
201040703045,MFC程序设计基础,72
201040703045,Java软件开发,78
201040703045,数据挖掘技术,60
201040703045,软件项目管理,76
201040703045,计算机科学导论,83
201040703045,设计模式,76
201040703045,Web开发基础,81
201040703045,计算机网络原理,90
201040703045,人工智能及应用,78
201040703045,数理逻辑,75
201040703045,计算机专业英语,82
201040703045,大学英语IA,70
201040703045,大学英语IB,73
201040703045,大学英语IC,68
201040703045,大学英语ID,68
201040703045,纺织品服装消费心理学,72
201040703045,影视动画设计,82
201040703045,大学生创业素质培养,66
201040703045,图像处理与分析导论,82
201040703045,毛笔书法,0
201040703045,Visual C++ 程序设计,83
201040703046,毛泽东思想和中国特色社会主义理论体系概论,94
201040703046,毛泽东思想和中国特色社会主义理论体系概论,81
201040703046,思想道德修养与法律基础,86
201040703046,中国近现代史纲要,85
201040703046,马克思主义基本原理,76
201040703046,形势与政策,86
201040703046,排球AⅠ（女）,86
201040703046,排球AⅡ（女）,90
201040703046,排球BⅠ（女）,85
201040703046,排球BⅡ（女）,90
201040703046,高等数学ⅠA,93
201040703046,高等数学ⅠB,78
201040703046,工程数学I,96
201040703046,工程数学Ⅱ,81
201040703046,普通物理IA,75
201040703046,普通物理IB,78
201040703046,普通物理实验IIA,86
201040703046,普通物理实验IIB,91
201040703046,电工电子技术Ⅱ,92
201040703046,毕业论文,95
201040703046,汇编语言程序设计,91
201040703046,数字逻辑,90
201040703046,计算机组成与结构,86
201040703046,数据结构,97
201040703046,数据库原理,89
201040703046,计算机操作系统原理,93
201040703046,编译原理,91
201040703046,软件工程,93
201040703046,数据库系统设计,81
201040703046,面向对象程序设计方法,91
201040703046,算法设计与分析,91
201040703046,离散数学Ⅱ,95
201040703046,高级程序设计语言,88
201040703046,数据结构课程设计,86
201040703046,软件设计方法,77
201040703046,MFC程序设计基础,76
201040703046,Java软件开发,90
201040703046,数据挖掘技术,74
201040703046,软件项目管理,85
201040703046,计算机科学导论,88
201040703046,设计模式,85
201040703046,Web开发基础,86
201040703046,计算机网络原理,98
201040703046,人工智能及应用,98
201040703046,数理逻辑,93
201040703046,计算机专业英语,95
201040703046,大学英语IA,72
201040703046,大学英语IB,70
201040703046,大学英语IC,78
201040703046,大学英语ID,79
201040703046,财政学,77
201040703046,会计学原理,75
201040703046,西方经济学（微观）,77
201040703046,国际经济学,67
201040703046,统计学,86
201040703046,西方经济学（宏观）,92
201040703046,银行管理学,84
201040703046,国际金融实务,74
201040703046,投资学,75
201040703046,基金管理,75
201040703046,公司财务管理,90
201040703046,个人理财,91
201040703046,货币金融学,86
201040703046,计量经济学,82
201040703046,二专业毕业论文,80
201040703046,经济法,87
201040703046,国际贸易实务,69
201040703046,日常化学,72
201040703046,化学与新能源,81
201040703046,材料世界漫谈,93
201040703046,Web技术,90
201040703046,漫话统计与决策,89
201040703047,毛泽东思想和中国特色社会主义理论体系概论,78
201040703047,毛泽东思想和中国特色社会主义理论体系概论,67
201040703047,思想道德修养与法律基础,75
201040703047,中国近现代史纲要,66
201040703047,马克思主义基本原理,61
201040703047,形势与政策,87
201040703047,篮球BⅠ（男）,60
201040703047,篮球BⅡ（男）,68
201040703047,田径、定向越野AⅠ（男）,73
201040703047,田径、定向越野AⅡ（男）,85
201040703047,高等数学ⅠA,89
201040703047,高等数学ⅠB,73
201040703047,工程数学I,66
201040703047,工程数学Ⅱ,60
201040703047,普通物理IA,86
201040703047,普通物理IB,75
201040703047,普通物理实验IIA,86
201040703047,普通物理实验IIB,87
201040703047,电工电子技术Ⅱ,60
201040703047,电工电子技术Ⅱ,54
201040703047,毕业论文,75
201040703047,汇编语言程序设计,81
201040703047,数字逻辑,64
201040703047,计算机组成与结构,60
201040703047,数据结构,67
201040703047,数据库原理,68
201040703047,计算机操作系统原理,62
201040703047,编译原理,61
201040703047,软件工程,74
201040703047,数据库系统设计,81
201040703047,面向对象程序设计方法,85
201040703047,算法设计与分析,62
201040703047,离散数学Ⅱ,60
201040703047,高级程序设计语言,92
201040703047,数据结构课程设计,70
201040703047,软件设计方法,77
201040703047,MFC程序设计基础,68
201040703047,Java软件开发,76
201040703047,数据挖掘技术,80
201040703047,软件项目管理,81
201040703047,计算机科学导论,89
201040703047,设计模式,80
201040703047,Web开发基础,80
201040703047,计算机网络原理,48
201040703047,计算机网络原理,60
201040703047,人工智能及应用,86
201040703047,数理逻辑,85
201040703047,计算机专业英语,62
201040703047,大学英语IA,77
201040703047,大学英语IB,74
201040703047,大学英语IC,77
201040703047,大学英语ID,75
201040703047,计算机网络技术与应用,68
201040703047,手机软件开发,83
201040703047,网页设计,95
201040703047,Photoshop数码合成与欣赏,0
201040703047,视频处理与欣赏,78
201040703047,《道德经》解读,91
201040703047,诗词背诵,0
201040703047,国学背诵,0
201040703048,毛泽东思想和中国特色社会主义理论体系概论,78
201040703048,毛泽东思想和中国特色社会主义理论体系概论,60
201040703048,毛泽东思想和中国特色社会主义理论体系概论,50
201040703048,思想道德修养与法律基础,80
201040703048,中国近现代史纲要,82
201040703048,马克思主义基本原理,68
201040703048,形势与政策,86
201040703048,篮球AⅠ（男）,84
201040703048,篮球AⅡ（男）,80
201040703048,排球BⅠ（男）,70
201040703048,排球BⅡ（男）,90
201040703048,高等数学ⅠA,73
201040703048,高等数学ⅠB,78
201040703048,工程数学I,70
201040703048,工程数学Ⅱ,0
201040703048,工程数学Ⅱ,60
201040703048,普通物理IA,67
201040703048,普通物理IB,62
201040703048,普通物理实验IIA,83
201040703048,普通物理实验IIB,88
201040703048,电工电子技术Ⅱ,82
201040703048,毕业论文,88
201040703048,汇编语言程序设计,36
201040703048,汇编语言程序设计,60
201040703048,数字逻辑,60
201040703048,数字逻辑,42
201040703048,计算机组成与结构,60
201040703048,数据结构,60
201040703048,数据库原理,60
201040703048,计算机操作系统原理,61
201040703048,编译原理,60
201040703048,软件工程,64
201040703048,数据库系统设计,67
201040703048,面向对象程序设计方法,74
201040703048,算法设计与分析,76
201040703048,离散数学Ⅱ,71
201040703048,高级程序设计语言,94
201040703048,数据结构课程设计,75
201040703048,软件设计方法,80
201040703048,MFC程序设计基础,68
201040703048,Java软件开发,62
201040703048,数据挖掘技术,70
201040703048,软件项目管理,81
201040703048,计算机科学导论,82
201040703048,设计模式,75
201040703048,Web开发基础,73
201040703048,计算机网络原理,71
201040703048,人工智能及应用,88
201040703048,数理逻辑,88
201040703048,计算机专业英语,60
201040703048,大学英语IA,56
201040703048,大学英语IA,53
201040703048,大学英语IA,60
201040703048,大学英语IB,50
201040703048,大学英语IB,60
201040703048,大学英语IB,53
201040703048,大学英语IC,60
201040703048,大学英语IC,38
201040703048,大学英语IC,52
201040703048,大学英语ID,60
201040703048,Photoshop数码合成与欣赏,65
201040703048,Linux环境程序设计,93
201040703048,Solidworks三维造型（东校区）,90
201040703048,电子商务基础,60
201040703048,网页设计,0
201040703048,ASP动态网页程序设计,80
201040703049,毛泽东思想和中国特色社会主义理论体系概论,69
201040703049,毛泽东思想和中国特色社会主义理论体系概论,63
201040703049,思想道德修养与法律基础,79
201040703049,中国近现代史纲要,74
201040703049,马克思主义基本原理,60
201040703049,形势与政策,78
201040703049,足球AⅠ（男）,80
201040703049,足球AⅡ（男）,85
201040703049,足球BⅠ（男）,64
201040703049,足球BⅡ（男）,60
201040703049,高等数学ⅠA,70
201040703049,高等数学ⅠB,51
201040703049,高等数学ⅠB,42
201040703049,高等数学ⅠB,0
201040703049,高等数学ⅠB,83
201040703049,高等数学ⅠB,39
201040703049,工程数学I,52
201040703049,工程数学I,60
201040703049,工程数学Ⅱ,90
201040703049,普通物理IA,76
201040703049,普通物理IB,55
201040703049,普通物理IB,60
201040703049,普通物理实验IIA,83
201040703049,普通物理实验IIB,86
201040703049,电工电子技术Ⅱ,65
201040703049,毕业论文,81
201040703049,汇编语言程序设计,76
201040703049,数字逻辑,60
201040703049,数字逻辑,22
201040703049,计算机组成与结构,60
201040703049,数据结构,60
201040703049,数据库原理,60
201040703049,数据库原理,0
201040703049,计算机操作系统原理,64
201040703049,编译原理,60
201040703049,软件工程,72
201040703049,数据库系统设计,73
201040703049,面向对象程序设计方法,26
201040703049,面向对象程序设计方法,60
201040703049,算法设计与分析,77
201040703049,离散数学Ⅱ,79
201040703049,高级程序设计语言,83
201040703049,数据结构课程设计,72
201040703049,软件设计方法,65
201040703049,MFC程序设计基础,68
201040703049,Java软件开发,76
201040703049,数据挖掘技术,84
201040703049,软件项目管理,74
201040703049,计算机科学导论,82
201040703049,设计模式,70
201040703049,Web开发基础,78
201040703049,计算机网络原理,69
201040703049,人工智能及应用,75
201040703049,数理逻辑,87
201040703049,计算机专业英语,74
201040703049,大学英语IA,75
201040703049,大学英语IB,68
201040703049,大学英语IC,60
201040703049,大学英语IC,52
201040703049,大学英语ID,69
201040703049,计算机网络技术与应用,70
201040703049,计算机组装与维护(东校区）,68
201040703049,网页设计,0
201040703049,数据库技术,75
201040703049,视频处理与欣赏,88
201040703049,网络与计算机实用技术,81
201040703049,计算机操作系统原理,90
201040703049,计算机组成与结构,81
201040703049,计算机网络原理,85
201040703049,数据结构,76
201040703050,毛泽东思想和中国特色社会主义理论体系概论,82
201040703050,毛泽东思想和中国特色社会主义理论体系概论,82
201040703050,思想道德修养与法律基础,79
201040703050,中国近现代史纲要,82
201040703050,马克思主义基本原理,66
201040703050,形势与政策,88
201040703050,健美操BⅠ（女）,82
201040703050,健美操BⅡ（女）,97
201040703050,篮球AⅠ（女）,64
201040703050,篮球AII（女）,80
201040703050,高等数学ⅠA,65
201040703050,高等数学ⅠB,60
201040703050,工程数学I,72
201040703050,工程数学Ⅱ,67
201040703050,普通物理IA,60
201040703050,普通物理IB,60
201040703050,普通物理实验IIA,87
201040703050,普通物理实验IIB,90
201040703050,电工电子技术Ⅱ,60
201040703050,汇编语言程序设计,74
201040703050,数字逻辑,60
201040703050,数字逻辑,36
201040703050,计算机组成与结构,74
201040703050,数据结构,73
201040703050,数据库原理,85
201040703050,计算机操作系统原理,88
201040703050,编译原理,84
201040703050,软件工程,83
201040703050,数据库系统设计,87
201040703050,面向对象程序设计方法,60
201040703050,算法设计与分析,89
201040703050,离散数学Ⅱ,74
201040703050,高级程序设计语言,81
201040703050,数据结构课程设计,84
201040703050,软件设计方法,84
201040703050,MFC程序设计基础,75
201040703050,Java软件开发,89
201040703050,数据挖掘技术,69
201040703050,软件项目管理,90
201040703050,计算机科学导论,84
201040703050,设计模式,80
201040703050,Web开发基础,85
201040703050,计算机网络原理,91
201040703050,人工智能及应用,93
201040703050,数理逻辑,64
201040703050,计算机专业英语,95
201040703050,大学英语IA,69
201040703050,大学英语IB,67
201040703050,大学英语IC,58
201040703050,大学英语IC,56
201040703050,大学英语IC,60
201040703050,大学英语ID,60
201040703050,图像处理与分析导论,86
201040703050,《高雅与流行音乐试听》,84
201040703050,微积分中的数学文化,79
201040703050,医学生职业生涯规划,85
201040703050,互联网与计算机系统安全操作实用指南,75
201040703051,毛泽东思想和中国特色社会主义理论体系概论,77
201040703051,毛泽东思想和中国特色社会主义理论体系概论,72
201040703051,思想道德修养与法律基础,76
201040703051,中国近现代史纲要,78
201040703051,马克思主义基本原理,67
201040703051,形势与政策,78
201040703051,网球BⅠ（男）,87
201040703051,网球BⅡ（男）,98
201040703051,体操AⅠ（男）,88
201040703051,体操AⅡ（男）,84
201040703051,高等数学ⅠA,60
201040703051,高等数学ⅠB,70
201040703051,工程数学I,80
201040703051,工程数学Ⅱ,83
201040703051,普通物理IA,78
201040703051,普通物理IB,73
201040703051,普通物理实验IIA,86
201040703051,普通物理实验IIB,86
201040703051,电工电子技术Ⅱ,78
201040703051,毕业论文,86
201040703051,汇编语言程序设计,90
201040703051,数字逻辑,80
201040703051,计算机组成与结构,74
201040703051,数据结构,87
201040703051,数据库原理,80
201040703051,计算机操作系统原理,77
201040703051,编译原理,71
201040703051,软件工程,73
201040703051,数据库系统设计,70
201040703051,面向对象程序设计方法,84
201040703051,算法设计与分析,78
201040703051,离散数学Ⅱ,74
201040703051,高级程序设计语言,84
201040703051,数据结构课程设计,74
201040703051,软件设计方法,67
201040703051,MFC程序设计基础,68
201040703051,Java软件开发,77
201040703051,数据挖掘技术,66
201040703051,软件项目管理,78
201040703051,计算机科学导论,87
201040703051,设计模式,80
201040703051,Web开发基础,79
201040703051,计算机网络原理,79
201040703051,人工智能及应用,83
201040703051,数理逻辑,89
201040703051,计算机专业英语,80
201040703051,大学英语IA,64
201040703051,大学英语IB,61
201040703051,大学英语IC,58
201040703051,大学英语IC,60
201040703051,大学英语ID,71
201040703051,公共关系学,82
201040703051,计算机组装与维护(东校区）,80
201040703051,大学生就业指导与职业生涯规划,87
201040703051,Web技术,90
201040703051,Android智能平台软件开发技术,69
201040703051,计算机操作系统原理,95
201040703051,计算机组成与结构,81
201040703051,计算机网络原理,85
201040703051,数据结构,80
201040703052,毛泽东思想和中国特色社会主义理论体系概论,76
201040703052,毛泽东思想和中国特色社会主义理论体系概论,73
201040703052,思想道德修养与法律基础,78
201040703052,中国近现代史纲要,80
201040703052,马克思主义基本原理,60
201040703052,形势与政策,80
201040703052,足球AⅠ（男）,60
201040703052,足球AⅡ（男）,70
201040703052,篮球BⅠ（男）,69
201040703052,篮球BⅡ（男）,70
201040703052,高等数学ⅠA,92
201040703052,高等数学ⅠB,76
201040703052,工程数学I,83
201040703052,工程数学Ⅱ,82
201040703052,普通物理IA,67
201040703052,普通物理IB,69
201040703052,普通物理实验IIA,86
201040703052,普通物理实验IIB,89
201040703052,电工电子技术Ⅱ,61
201040703052,毕业论文,82
201040703052,汇编语言程序设计,64
201040703052,数字逻辑,72
201040703052,计算机组成与结构,60
201040703052,数据结构,69
201040703052,数据库原理,81
201040703052,计算机操作系统原理,66
201040703052,编译原理,79
201040703052,软件工程,68
201040703052,数据库系统设计,87
201040703052,面向对象程序设计方法,72
201040703052,算法设计与分析,81
201040703052,离散数学Ⅱ,78
201040703052,高级程序设计语言,80
201040703052,数据结构课程设计,83
201040703052,软件设计方法,66
201040703052,MFC程序设计基础,72
201040703052,Java软件开发,83
201040703052,数据挖掘技术,60
201040703052,软件项目管理,82
201040703052,计算机科学导论,84
201040703052,设计模式,80
201040703052,Web开发基础,86
201040703052,计算机网络原理,68
201040703052,人工智能及应用,80
201040703052,数理逻辑,93
201040703052,计算机专业英语,70
201040703052,大学英语IA,71
201040703052,大学英语IB,66
201040703052,大学英语IC,70
201040703052,大学英语ID,75
201040703052,互联网与计算机系统安全操作实用指南,90
201040703052,创新思维与能力培养,76
201040703052,网页设计,91
201040703052,C语言程序设计,87
201040703052,Android智能平台软件开发技术,85
201040703053,毛泽东思想和中国特色社会主义理论体系概论,70
201040703053,毛泽东思想和中国特色社会主义理论体系概论,56
201040703053,毛泽东思想和中国特色社会主义理论体系概论,60
201040703053,思想道德修养与法律基础,80
201040703053,中国近现代史纲要,66
201040703053,马克思主义基本原理,68
201040703053,形势与政策,78
201040703053,足球AⅠ（男）,65
201040703053,足球AⅡ（男）,70
201040703053,足球BⅠ（男）,72
201040703053,足球BⅡ（男）,72
201040703053,高等数学ⅠA,60
201040703053,高等数学ⅠB,60
201040703053,工程数学I,62
201040703053,工程数学Ⅱ,92
201040703053,普通物理IA,32
201040703053,普通物理IA,60
201040703053,普通物理IB,72
201040703053,普通物理实验IIA,82
201040703053,普通物理实验IIB,87
201040703053,电工电子技术Ⅱ,45
201040703053,电工电子技术Ⅱ,60
201040703053,电工电子技术Ⅱ,34
201040703053,毕业论文,70
201040703053,汇编语言程序设计,73
201040703053,数字逻辑,64
201040703053,计算机组成与结构,60
201040703053,数据结构,20
201040703053,数据结构,60
201040703053,数据库原理,60
201040703053,计算机操作系统原理,66
201040703053,编译原理,60
201040703053,软件工程,66
201040703053,数据库系统设计,81
201040703053,面向对象程序设计方法,60
201040703053,面向对象程序设计方法,44
201040703053,算法设计与分析,86
201040703053,离散数学Ⅱ,66
201040703053,高级程序设计语言,61
201040703053,数据结构课程设计,62
201040703053,软件设计方法,63
201040703053,MFC程序设计基础,72
201040703053,Java软件开发,81
201040703053,数据挖掘技术,60
201040703053,软件项目管理,67
201040703053,计算机科学导论,84
201040703053,设计模式,75
201040703053,Web开发基础,75
201040703053,计算机网络原理,85
201040703053,人工智能及应用,80
201040703053,数理逻辑,60
201040703053,计算机专业英语,71
201040703053,大学英语IA,61
201040703053,大学英语IB,72
201040703053,大学英语IC,60
201040703053,大学英语ID,57
201040703053,大学英语ID,60
201040703053,大学英语ID,53
201040703053,大学英语ID,45
201040703053,计算机网络技术与应用,77
201040703053,网页设计,84
201040703053,大学生就业指导与职业生涯规划,92
201040703053,大学生创业素质培养,66
201040703053,毛笔书法,76
201040703053,Visual C++ 程序设计,0
201040703053,计算机操作系统原理,90
201040703053,计算机组成与结构,83
201040703053,计算机网络原理,85
201040703053,数据结构,76
201040703054,毛泽东思想和中国特色社会主义理论体系概论,79
201040703054,毛泽东思想和中国特色社会主义理论体系概论,72
201040703054,思想道德修养与法律基础,70
201040703054,中国近现代史纲要,82
201040703054,马克思主义基本原理,63
201040703054,形势与政策,82
201040703054,田径、定向越野BⅠ（男）,90
201040703054,田径、定向越野BⅡ（男）,86
201040703054,武术散打AⅠ（男）,89
201040703054,武术散打AⅡ（男）,65
201040703054,高等数学ⅠA,60
201040703054,高等数学ⅠB,70
201040703054,工程数学I,69
201040703054,工程数学Ⅱ,86
201040703054,普通物理IA,61
201040703054,普通物理IB,60
201040703054,普通物理实验IIA,88
201040703054,普通物理实验IIB,89
201040703054,电工电子技术Ⅱ,70
201040703054,毕业论文,85
201040703054,汇编语言程序设计,88
201040703054,数字逻辑,85
201040703054,计算机组成与结构,80
201040703054,数据结构,96
201040703054,数据库原理,89
201040703054,计算机操作系统原理,87
201040703054,编译原理,70
201040703054,软件工程,84
201040703054,数据库系统设计,84
201040703054,面向对象程序设计方法,90
201040703054,算法设计与分析,82
201040703054,离散数学Ⅱ,74
201040703054,高级程序设计语言,76
201040703054,数据结构课程设计,83
201040703054,软件设计方法,86
201040703054,MFC程序设计基础,72
201040703054,Java软件开发,90
201040703054,数据挖掘技术,60
201040703054,软件项目管理,82
201040703054,计算机科学导论,82
201040703054,设计模式,70
201040703054,Web开发基础,83
201040703054,计算机网络原理,86
201040703054,人工智能及应用,80
201040703054,数理逻辑,61
201040703054,计算机专业英语,79
201040703054,大学英语IA,65
201040703054,大学英语IB,71
201040703054,大学英语IC,71
201040703054,大学英语ID,73
201040703054,计算机组装与维护(东校区）,83
201040703054,网页设计,92
201040703054,C语言程序设计,84
201040703054,互联网与计算机系统安全操作实用指南,100
201040703054,社会心理学研究,76
201040703055,毛泽东思想和中国特色社会主义理论体系概论,84
201040703055,毛泽东思想和中国特色社会主义理论体系概论,90
201040703055,思想道德修养与法律基础,90
201040703055,中国近现代史纲要,84
201040703055,马克思主义基本原理,87
201040703055,形势与政策,92
201040703055,健美操BⅠ（女）,85
201040703055,健美操BⅡ（女）,97
201040703055,排球AⅠ（女）,80
201040703055,排球AⅡ（女）,88
201040703055,高等数学ⅠA,84
201040703055,高等数学ⅠB,92
201040703055,工程数学I,90
201040703055,工程数学Ⅱ,99
201040703055,普通物理IA,87
201040703055,普通物理IB,85
201040703055,普通物理实验IIA,88
201040703055,普通物理实验IIB,91
201040703055,电工电子技术Ⅱ,98
201040703055,毕业论文,95
201040703055,汇编语言程序设计,98
201040703055,数字逻辑,98
201040703055,计算机组成与结构,94
201040703055,数据结构,98
201040703055,数据库原理,98
201040703055,计算机操作系统原理,97
201040703055,编译原理,96
201040703055,软件工程,93
201040703055,数据库系统设计,89
201040703055,面向对象程序设计方法,98
201040703055,算法设计与分析,94
201040703055,离散数学Ⅱ,96
201040703055,高级程序设计语言,98
201040703055,数据结构课程设计,94
201040703055,软件设计方法,96
201040703055,MFC程序设计基础,75
201040703055,Java软件开发,86
201040703055,数据挖掘技术,89
201040703055,软件项目管理,93
201040703055,计算机科学导论,95
201040703055,设计模式,95
201040703055,Web开发基础,88
201040703055,计算机网络原理,100
201040703055,人工智能及应用,95
201040703055,数理逻辑,93
201040703055,计算机专业英语,99
201040703055,大学英语IA,84
201040703055,大学英语IB,81
201040703055,大学英语IC,86
201040703055,大学英语ID,85
201040703055,视频处理与欣赏,91
201040703055,大学生就业指导与职业生涯规划,91
201040703055,国际经典影视广告赏析,87
201040703055,数据库技术,85
201040703055,C/C++程序设计基础,84
201040703055,数学模型与数学实验,81
201040703055,计算机操作系统原理,95
201040703055,计算机组成与结构,93
201040703055,计算机网络原理,90
201040703055,数据结构,81
201040703056,毛泽东思想和中国特色社会主义理论体系概论,81
201040703056,毛泽东思想和中国特色社会主义理论体系概论,67
201040703056,思想道德修养与法律基础,75
201040703056,中国近现代史纲要,70
201040703056,马克思主义基本原理,81
201040703056,形势与政策,80
201040703056,健身BⅠ（男）,76
201040703056,健身BⅡ（男）,80
201040703056,武术散打AⅠ（男）,84
201040703056,武术散打AⅡ（男）,88
201040703056,高等数学ⅠA,74
201040703056,高等数学ⅠB,90
201040703056,工程数学I,82
201040703056,工程数学Ⅱ,87
201040703056,普通物理IA,66
201040703056,普通物理IB,87
201040703056,普通物理实验IIA,87
201040703056,普通物理实验IIB,88
201040703056,电工电子技术Ⅱ,85
201040703056,毕业论文,80
201040703056,汇编语言程序设计,89
201040703056,数字逻辑,78
201040703056,计算机组成与结构,67
201040703056,数据结构,76
201040703056,数据库原理,80
201040703056,计算机操作系统原理,71
201040703056,编译原理,77
201040703056,软件工程,74
201040703056,数据库系统设计,86
201040703056,面向对象程序设计方法,84
201040703056,算法设计与分析,68
201040703056,离散数学Ⅱ,82
201040703056,高级程序设计语言,76
201040703056,数据结构课程设计,83
201040703056,软件设计方法,69
201040703056,MFC程序设计基础,76
201040703056,Java软件开发,85
201040703056,数据挖掘技术,60
201040703056,软件项目管理,79
201040703056,计算机科学导论,87
201040703056,设计模式,75
201040703056,Web开发基础,79
201040703056,计算机网络原理,79
201040703056,人工智能及应用,80
201040703056,数理逻辑,84
201040703056,计算机专业英语,80
201040703056,大学英语IA,66
201040703056,大学英语IB,64
201040703056,大学英语IC,64
201040703056,大学英语ID,66
201040703056,Linux环境程序设计,90
201040703056,人体生理学,87
201040703056,经济管理理论与实践,84
201040703056,网页设计,95
201040703056,互联网与计算机系统安全操作实用指南,85
201040703057,毛泽东思想和中国特色社会主义理论体系概论,84
201040703057,毛泽东思想和中国特色社会主义理论体系概论,90
201040703057,思想道德修养与法律基础,83
201040703057,中国近现代史纲要,82
201040703057,马克思主义基本原理,74
201040703057,形势与政策,82
201040703057,足球AⅠ（男）,80
201040703057,足球AⅡ（男）,84
201040703057,足球BⅠ（男）,75
201040703057,足球BⅡ（男）,70
201040703057,高等数学ⅠA,91
201040703057,高等数学ⅠB,84
201040703057,工程数学I,94
201040703057,工程数学Ⅱ,98
201040703057,普通物理IA,73
201040703057,普通物理IB,74
201040703057,普通物理实验IIA,85
201040703057,普通物理实验IIB,90
201040703057,电工电子技术Ⅱ,89
201040703057,毕业论文,85
201040703057,汇编语言程序设计,87
201040703057,数字逻辑,86
201040703057,计算机组成与结构,84
201040703057,数据结构,86
201040703057,数据库原理,85
201040703057,计算机操作系统原理,80
201040703057,编译原理,76
201040703057,软件工程,81
201040703057,数据库系统设计,77
201040703057,面向对象程序设计方法,90
201040703057,算法设计与分析,77
201040703057,离散数学Ⅱ,82
201040703057,高级程序设计语言,92
201040703057,数据结构课程设计,72
201040703057,软件设计方法,67
201040703057,MFC程序设计基础,68
201040703057,Java软件开发,84
201040703057,数据挖掘技术,61
201040703057,软件项目管理,81
201040703057,计算机科学导论,90
201040703057,设计模式,85
201040703057,Web开发基础,83
201040703057,计算机网络原理,82
201040703057,人工智能及应用,81
201040703057,数理逻辑,93
201040703057,计算机专业英语,92
201040703057,大学英语IA,77
201040703057,大学英语IB,70
201040703057,大学英语IC,70
201040703057,大学英语ID,71
201040703057,计算机组装与维护(东校区）,83
201040703057,零起点PHP专业Web网站设计与开发,72
201040703057,网页设计,80
201040703057,视频处理与欣赏,80
201040703057,Linux环境程序设计,0
201040703057,经典电影赏析,97
201040703057,计算机操作系统原理,90
201040703057,计算机组成与结构,80
201040703057,计算机网络原理,85
201040703057,数据结构,85
201040703058,毛泽东思想和中国特色社会主义理论体系概论,78
201040703058,毛泽东思想和中国特色社会主义理论体系概论,85
201040703058,思想道德修养与法律基础,91
201040703058,中国近现代史纲要,80
201040703058,马克思主义基本原理,74
201040703058,形势与政策,78
201040703058,健美操AⅠ（女）,80
201040703058,健美操AⅡ（女）,85
201040703058,健美操BⅠ（女）,85
201040703058,健美操BⅡ（女）,97
201040703058,高等数学ⅠA,79
201040703058,高等数学ⅠB,77
201040703058,工程数学I,87
201040703058,工程数学Ⅱ,71
201040703058,普通物理IA,78
201040703058,普通物理IB,63
201040703058,普通物理实验IIA,86
201040703058,普通物理实验IIB,90
201040703058,电工电子技术Ⅱ,83
201040703058,毕业论文,80
201040703058,汇编语言程序设计,90
201040703058,数字逻辑,80
201040703058,计算机组成与结构,67
201040703058,数据结构,75
201040703058,数据库原理,80
201040703058,计算机操作系统原理,75
201040703058,编译原理,77
201040703058,软件工程,86
201040703058,数据库系统设计,91
201040703058,面向对象程序设计方法,88
201040703058,算法设计与分析,90
201040703058,离散数学Ⅱ,78
201040703058,高级程序设计语言,92
201040703058,数据结构课程设计,84
201040703058,软件设计方法,82
201040703058,MFC程序设计基础,72
201040703058,Java软件开发,89
201040703058,数据挖掘技术,78
201040703058,软件项目管理,76
201040703058,计算机科学导论,86
201040703058,设计模式,80
201040703058,Web开发基础,84
201040703058,计算机网络原理,87
201040703058,人工智能及应用,99
201040703058,数理逻辑,91
201040703058,计算机专业英语,94
201040703058,大学英语IA,65
201040703058,大学英语IB,72
201040703058,大学英语IC,62
201040703058,大学英语ID,66
201040703058,日常化学,87
201040703058,手机软件开发,85
201040703058,化学与新能源,78
201040703058,低碳生活与环境保护,90
201040703058,视频处理与欣赏,89
201040703059,毛泽东思想和中国特色社会主义理论体系概论,82
201040703059,毛泽东思想和中国特色社会主义理论体系概论,76
201040703059,思想道德修养与法律基础,77
201040703059,中国近现代史纲要,82
201040703059,马克思主义基本原理,75
201040703059,形势与政策,92
201040703059,篮球AⅠ（男）,94
201040703059,篮球AⅡ（男）,85
201040703059,排球BⅠ（男）,95
201040703059,排球BⅡ（男）,96
201040703059,高等数学ⅠA,82
201040703059,高等数学ⅠB,82
201040703059,工程数学I,82
201040703059,工程数学Ⅱ,88
201040703059,普通物理IA,74
201040703059,普通物理IB,76
201040703059,普通物理实验IIA,86
201040703059,普通物理实验IIB,84
201040703059,电工电子技术Ⅱ,84
201040703059,毕业论文,85
201040703059,汇编语言程序设计,96
201040703059,数字逻辑,78
201040703059,计算机组成与结构,79
201040703059,数据结构,88
201040703059,数据库原理,95
201040703059,计算机操作系统原理,84
201040703059,编译原理,76
201040703059,软件工程,78
201040703059,数据库系统设计,81
201040703059,面向对象程序设计方法,95
201040703059,算法设计与分析,88
201040703059,离散数学Ⅱ,72
201040703059,高级程序设计语言,81
201040703059,数据结构课程设计,83
201040703059,软件设计方法,77
201040703059,MFC程序设计基础,71
201040703059,Java软件开发,94
201040703059,数据挖掘技术,79
201040703059,软件项目管理,78
201040703059,计算机科学导论,86
201040703059,设计模式,80
201040703059,Web开发基础,82
201040703059,计算机网络原理,83
201040703059,人工智能及应用,90
201040703059,数理逻辑,82
201040703059,计算机专业英语,64
201040703059,大学英语IA,75
201040703059,大学英语IB,70
201040703059,大学英语IC,74
201040703059,大学英语ID,73
201040703059,电子商务基础,80
201040703059,国学背诵,85
201040703059,琴棋书画,80
201040703059,诗词背诵,90
201040703059,经典研读,96
201040703059,素质分析与养成(上),80
201040703059,素质分析与养成（下）,88
201040703060,毛泽东思想和中国特色社会主义理论体系概论,78
201040703060,毛泽东思想和中国特色社会主义理论体系概论,76
201040703060,思想道德修养与法律基础,71
201040703060,中国近现代史纲要,82
201040703060,马克思主义基本原理,52
201040703060,马克思主义基本原理,60
201040703060,形势与政策,78
201040703060,健身BⅠ（男）,81
201040703060,健身BⅡ（男）,93
201040703060,体操AⅠ（男）,81
201040703060,体操AⅡ（男）,90
201040703060,高等数学ⅠA,73
201040703060,高等数学ⅠB,62
201040703060,工程数学I,60
201040703060,工程数学Ⅱ,60
201040703060,普通物理IA,72
201040703060,普通物理IB,69
201040703060,普通物理实验IIA,83
201040703060,普通物理实验IIB,88
201040703060,电工电子技术Ⅱ,71
201040703060,毕业论文,83
201040703060,汇编语言程序设计,65
201040703060,数字逻辑,60
201040703060,数字逻辑,56
201040703060,计算机组成与结构,60
201040703060,数据结构,67
201040703060,数据库原理,65
201040703060,计算机操作系统原理,80
201040703060,编译原理,62
201040703060,软件工程,68
201040703060,数据库系统设计,79
201040703060,面向对象程序设计方法,49
201040703060,面向对象程序设计方法,60
201040703060,算法设计与分析,68
201040703060,离散数学Ⅱ,65
201040703060,高级程序设计语言,84
201040703060,数据结构课程设计,71
201040703060,软件设计方法,72
201040703060,MFC程序设计基础,74
201040703060,Java软件开发,85
201040703060,数据挖掘技术,60
201040703060,软件项目管理,67
201040703060,计算机科学导论,86
201040703060,设计模式,70
201040703060,Web开发基础,81
201040703060,计算机网络原理,68
201040703060,人工智能及应用,79
201040703060,数理逻辑,60
201040703060,计算机专业英语,74
201040703060,大学英语IA,71
201040703060,大学英语IB,61
201040703060,大学英语IC,55
201040703060,大学英语IC,56
201040703060,大学英语IC,60
201040703060,大学英语ID,60
201040703060,汽车及使用,75
201040703060,零起点PHP专业Web网站设计与开发,70
201040703060,《高雅与流行音乐试听》,83
201040703060,数码照片拍摄及后期处理,86
201040703060,营销心理学,80
201040703061,毛泽东思想和中国特色社会主义理论体系概论,72
201040703061,毛泽东思想和中国特色社会主义理论体系概论,63
201040703061,思想道德修养与法律基础,70
201040703061,中国近现代史纲要,74
201040703061,马克思主义基本原理,52
201040703061,马克思主义基本原理,60
201040703061,形势与政策,80
201040703061,足球AⅠ（男）,82
201040703061,足球AⅡ（男）,84
201040703061,足球BⅠ（男）,70
201040703061,足球BⅡ（男）,75
201040703061,高等数学ⅠA,71
201040703061,高等数学ⅠB,60
201040703061,工程数学I,64
201040703061,工程数学Ⅱ,78
201040703061,普通物理IA,68
201040703061,普通物理IB,60
201040703061,普通物理IB,56
201040703061,普通物理实验IIA,86
201040703061,普通物理实验IIB,89
201040703061,电工电子技术Ⅱ,63
201040703061,毕业论文,74
201040703061,汇编语言程序设计,77
201040703061,数字逻辑,60
201040703061,数字逻辑,46
201040703061,计算机组成与结构,31
201040703061,计算机组成与结构,60
201040703061,数据结构,60
201040703061,数据库原理,60
201040703061,计算机操作系统原理,73
201040703061,编译原理,65
201040703061,软件工程,76
201040703061,数据库系统设计,81
201040703061,面向对象程序设计方法,65
201040703061,算法设计与分析,88
201040703061,离散数学Ⅱ,69
201040703061,高级程序设计语言,88
201040703061,数据结构课程设计,62
201040703061,软件设计方法,64
201040703061,MFC程序设计基础,66
201040703061,Java软件开发,78
201040703061,数据挖掘技术,60
201040703061,软件项目管理,67
201040703061,计算机科学导论,84
201040703061,设计模式,70
201040703061,Web开发基础,82
201040703061,计算机网络原理,70
201040703061,人工智能及应用,78
201040703061,数理逻辑,81
201040703061,计算机专业英语,68
201040703061,大学英语IA,69
201040703061,大学英语IB,67
201040703061,大学英语IC,57
201040703061,大学英语IC,69
201040703061,大学英语IC,49
201040703061,大学英语IC,46
201040703061,大学英语ID,61
201040703061,计算机网络技术与应用,77
201040703061,计算机组装与维护(东校区）,83
201040703061,Photoshop数码合成与欣赏,75
201040703061,数据库技术,70
201040703061,视频处理与欣赏,86
201040703061,网络与计算机实用技术,92
201040703061,计算机操作系统原理,90
201040703061,计算机组成与结构,81
201040703061,计算机网络原理,85
201040703061,数据结构,76
201040703062,毛泽东思想和中国特色社会主义理论体系概论,79
201040703062,毛泽东思想和中国特色社会主义理论体系概论,86
201040703062,思想道德修养与法律基础,83
201040703062,中国近现代史纲要,82
201040703062,马克思主义基本原理,79
201040703062,形势与政策,78
201040703062,篮球AⅠ（男）,91
201040703062,篮球AⅡ（男）,80
201040703062,篮球BⅠ（男）,84
201040703062,篮球BⅡ（男）,94
201040703062,高等数学ⅠA,98
201040703062,高等数学ⅠB,80
201040703062,工程数学I,93
201040703062,工程数学Ⅱ,97
201040703062,普通物理IA,99
201040703062,普通物理IB,82
201040703062,普通物理实验IIA,88
201040703062,普通物理实验IIB,91
201040703062,电工电子技术Ⅱ,99
201040703062,毕业论文,93
201040703062,汇编语言程序设计,93
201040703062,数字逻辑,92
201040703062,计算机组成与结构,87
201040703062,数据结构,97
201040703062,数据库原理,93
201040703062,计算机操作系统原理,91
201040703062,编译原理,94
201040703062,软件工程,85
201040703062,数据库系统设计,83
201040703062,面向对象程序设计方法,97
201040703062,算法设计与分析,89
201040703062,离散数学Ⅱ,94
201040703062,高级程序设计语言,96
201040703062,数据结构课程设计,83
201040703062,软件设计方法,81
201040703062,MFC程序设计基础,76
201040703062,Java软件开发,84
201040703062,数据挖掘技术,72
201040703062,软件项目管理,72
201040703062,计算机科学导论,88
201040703062,设计模式,85
201040703062,Web开发基础,86
201040703062,计算机网络原理,95
201040703062,人工智能及应用,82
201040703062,数理逻辑,97
201040703062,计算机专业英语,86
201040703062,大学英语IA,72
201040703062,大学英语IB,69
201040703062,大学英语IC,80
201040703062,大学英语ID,77
201040703062,网络与计算机实用技术,94
201040703062,Photoshop数码合成与欣赏,75
201040703062,Linux环境程序设计,94
201040703062,大学生创业素质培养,74
201040703062,C/C++程序设计基础,76
201040703062,计算机操作系统原理,95
201040703062,计算机组成与结构,82
201040703062,计算机网络原理,90
201040703062,数据结构,88
201040703063,毛泽东思想和中国特色社会主义理论体系概论,78
201040703063,毛泽东思想和中国特色社会主义理论体系概论,79
201040703063,思想道德修养与法律基础,80
201040703063,中国近现代史纲要,86
201040703063,马克思主义基本原理,80
201040703063,形势与政策,94
201040703063,武术BⅠ（女）,86
201040703063,武术BⅡ（女）,95
201040703063,篮球AⅠ（女）,90
201040703063,篮球AII（女）,98
201040703063,高等数学ⅠA,81
201040703063,高等数学ⅠB,85
201040703063,工程数学I,94
201040703063,工程数学Ⅱ,91
201040703063,普通物理IA,88
201040703063,普通物理IB,82
201040703063,普通物理实验IIA,89
201040703063,普通物理实验IIB,91
201040703063,电工电子技术Ⅱ,76
201040703063,毕业论文,91
201040703063,汇编语言程序设计,89
201040703063,数字逻辑,86
201040703063,计算机组成与结构,80
201040703063,数据结构,94
201040703063,数据库原理,98
201040703063,计算机操作系统原理,95
201040703063,编译原理,89
201040703063,软件工程,81
201040703063,数据库系统设计,87
201040703063,面向对象程序设计方法,85
201040703063,算法设计与分析,94
201040703063,离散数学Ⅱ,95
201040703063,高级程序设计语言,90
201040703063,数据结构课程设计,83
201040703063,软件设计方法,85
201040703063,MFC程序设计基础,76
201040703063,Java软件开发,91
201040703063,数据挖掘技术,70
201040703063,软件项目管理,86
201040703063,计算机科学导论,94
201040703063,设计模式,91
201040703063,Web开发基础,88
201040703063,计算机网络原理,88
201040703063,人工智能及应用,85
201040703063,数理逻辑,91
201040703063,计算机专业英语,94
201040703063,大学英语IA,81
201040703063,大学英语IB,78
201040703063,大学英语IC,84
201040703063,大学英语ID,79
201040703063,汽车及使用,89
201040703063,微积分中的数学文化,75
201040703063,网页设计,90
201040703063,ASP动态网页程序设计,91
201040703063,影视动画设计,95
201040703063,图像处理与分析导论,88
201040703063,计算机操作系统原理,95
201040703063,计算机组成与结构,92
201040703063,计算机网络原理,90
201040703063,数据结构,90
201040703064,毛泽东思想和中国特色社会主义理论体系概论,79
201040703064,毛泽东思想和中国特色社会主义理论体系概论,85
201040703064,思想道德修养与法律基础,84
201040703064,中国近现代史纲要,87
201040703064,马克思主义基本原理,76
201040703064,形势与政策,78
201040703064,健美操BⅠ（女）,79
201040703064,健美操BⅡ（女）,80
201040703064,乒乓球AⅠ（女）,87
201040703064,乒乓球AⅡ（女）,80
201040703064,高等数学ⅠA,86
201040703064,高等数学ⅠB,77
201040703064,工程数学I,85
201040703064,工程数学Ⅱ,84
201040703064,普通物理IA,62
201040703064,普通物理IB,69
201040703064,普通物理实验IIA,86
201040703064,普通物理实验IIB,89
201040703064,电工电子技术Ⅱ,81
201040703064,毕业论文,82
201040703064,汇编语言程序设计,78
201040703064,数字逻辑,89
201040703064,计算机组成与结构,88
201040703064,数据结构,82
201040703064,数据库原理,89
201040703064,计算机操作系统原理,90
201040703064,编译原理,77
201040703064,软件工程,92
201040703064,数据库系统设计,85
201040703064,面向对象程序设计方法,83
201040703064,算法设计与分析,85
201040703064,离散数学Ⅱ,84
201040703064,高级程序设计语言,90
201040703064,数据结构课程设计,84
201040703064,软件设计方法,86
201040703064,MFC程序设计基础,80
201040703064,Java软件开发,87
201040703064,数据挖掘技术,86
201040703064,软件项目管理,79
201040703064,计算机科学导论,92
201040703064,设计模式,80
201040703064,Web开发基础,84
201040703064,计算机网络原理,90
201040703064,人工智能及应用,90
201040703064,数理逻辑,93
201040703064,计算机专业英语,92
201040703064,大学英语IA,79
201040703064,大学英语IB,68
201040703064,大学英语IC,72
201040703064,大学英语ID,74
201040703064,文学作品赏析与写作,89
201040703064,Linux环境程序设计,87
201040703064,国学背诵,98
201040703064,海洋药用资源,87
201040703064,大学生就业指导与职业生涯规划,85
201040703066,毛泽东思想和中国特色社会主义理论体系概论,84
201040703066,毛泽东思想和中国特色社会主义理论体系概论,90
201040703066,思想道德修养与法律基础,87
201040703066,中国近现代史纲要,82
201040703066,马克思主义基本原理,82
201040703066,形势与政策,78
201040703066,健美操BⅠ（女）,87
201040703066,健美操BⅡ（女）,97
201040703066,乒乓球AⅠ（女）,86
201040703066,乒乓球AⅡ（女）,80
201040703066,高等数学ⅠA,86
201040703066,高等数学ⅠB,60
201040703066,工程数学I,64
201040703066,工程数学Ⅱ,84
201040703066,普通物理IA,49
201040703066,普通物理IA,60
201040703066,普通物理IB,81
201040703066,普通物理实验IIA,88
201040703066,普通物理实验IIB,89
201040703066,电工电子技术Ⅱ,90
201040703066,毕业论文,85
201040703066,汇编语言程序设计,93
201040703066,数字逻辑,88
201040703066,计算机组成与结构,88
201040703066,数据结构,90
201040703066,数据库原理,86
201040703066,计算机操作系统原理,92
201040703066,编译原理,89
201040703066,软件工程,84
201040703066,数据库系统设计,76
201040703066,面向对象程序设计方法,81
201040703066,算法设计与分析,93
201040703066,大数据技术,85
201040703066,大数据技术,0
201040703066,离散数学Ⅱ,100
201040703066,高级程序设计语言,69
201040703066,数据结构课程设计,84
201040703066,软件设计方法,88
201040703066,MFC程序设计基础,76
201040703066,Java软件开发,79
201040703066,数据挖掘技术,88
201040703066,软件项目管理,81
201040703066,计算机科学导论,87
201040703066,设计模式,75
201040703066,Web开发基础,83
201040703066,计算机网络原理,95
201040703066,人工智能及应用,95
201040703066,数理逻辑,82
201040703066,计算机专业英语,97
201040703066,大学英语IA,72
201040703066,大学英语IB,66
201040703066,大学英语IC,75
201040703066,大学英语ID,73
201040703066,纺织品服装消费心理学,79
201040703066,c语言程序设计,73
201040703066,材料世界漫谈,95
201040703066,海洋资源及其利用,88
201040703066,职业生涯设计,90
201040703066,计算机操作系统原理,90
201040703066,计算机组成与结构,85
201040703066,计算机网络原理,85
201040703066,数据结构,78
200840703005,毛泽东思想和中国特色社会主义理论体系概论,60
200840703005,毛泽东思想和中国特色社会主义理论体系概论,25
200840703005,毛泽东思想和中国特色社会主义理论体系概论,60
200840703005,思想道德修养与法律基础,60
200840703005,思想道德修养与法律基础,24
200840703005,中国近现代史纲要,49
200840703005,中国近现代史纲要,60
200840703005,马克思主义基本原理,60
200840703005,马克思主义基本原理,51
200840703005,形势与政策,84
200840703005,排球AⅠ（男）,72
200840703005,排球AⅡ（男）,65
200840703005,田径、定向越野BⅠ（男）,77
200840703005,田径、定向越野BⅡ（男）,90
200840703005,高等数学ⅠA,67
200840703005,高等数学ⅠB,16
200840703005,高等数学ⅠB,22
200840703005,高等数学ⅠB,60
200840703005,高等数学ⅠB,18
200840703005,工程数学I,25
200840703005,工程数学I,19
200840703005,工程数学I,60
200840703005,工程数学I,12
200840703005,工程数学I,30
200840703005,工程数学Ⅱ,60
200840703005,工程数学Ⅱ,15
200840703005,普通物理IA,15
200840703005,普通物理IA,60
200840703005,普通物理IA,27
200840703005,普通物理IA,36
200840703005,普通物理IA,41
200840703005,普通物理IB,60
200840703005,普通物理IB,35
200840703005,普通物理实验IIA,83
200840703005,普通物理实验IIB,75
200840703005,普通物理实验IIB,85
200840703005,电工电子技术Ⅱ,60
200840703005,电工电子技术Ⅱ,22
200840703005,电工电子技术Ⅱ,52
200840703005,电工电子技术Ⅱ,11
200840703005,电工电子技术Ⅱ,12
200840703005,毕业论文,88
200840703005,汇编语言程序设计,60
200840703005,汇编语言程序设计,14
200840703005,数字逻辑,60
200840703005,数字逻辑,21
200840703005,计算机组成与结构,60
200840703005,数据结构,75
200840703005,数据库原理,66
200840703005,计算机操作系统原理,60
200840703005,编译原理,66
200840703005,软件工程,60
200840703005,软件工程,23
200840703005,数据库系统设计,60
200840703005,面向对象程序设计方法,8
200840703005,面向对象程序设计方法,76
200840703005,算法设计与分析,60
200840703005,离散数学Ⅱ,60
200840703005,高级程序设计语言,78
200840703005,数据结构课程设计,82
200840703005,软件设计方法,76
200840703005,MFC程序设计基础,64
200840703005,Java软件开发,65
200840703005,数据挖掘技术,78
200840703005,软件项目管理,75
200840703005,计算机科学导论,81
200840703005,设计模式,65
200840703005,Web开发基础,74
200840703005,计算机网络原理,60
200840703005,计算机网络原理,7
200840703005,人工智能及应用,80
200840703005,数理逻辑,84
200840703005,计算机专业英语,60
200840703005,大学英语IA,70
200840703005,大学英语IB,53
200840703005,大学英语IB,60
200840703005,大学英语IC,37
200840703005,大学英语IC,60
200840703005,大学英语ID,42
200840703005,大学英语ID,60
200840703005,桥牌与逻辑思维,72
200840703005,游戏设计与策划,4
200840703005,逻辑学,0
200840703005,文学作品赏析与写作,88
200840703005,生化危机,78
200840703005,数据库技术,80
200840703005,电脑绘画基础,72
201040703001,毛泽东思想和中国特色社会主义理论体系概论,86
201040703001,毛泽东思想和中国特色社会主义理论体系概论,68
201040703001,思想道德修养与法律基础,83
201040703001,中国近现代史纲要,86
201040703001,马克思主义基本原理,73
201040703001,形势与政策,84
201040703001,排球AⅠ（女）,83
201040703001,排球AⅡ（女）,77
201040703001,网球BⅠ（女）,92
201040703001,网球BⅡ（女）,76
201040703001,高等数学ⅠA,63
201040703001,高等数学ⅠB,77
201040703001,工程数学I,72
201040703001,工程数学Ⅱ,78
201040703001,普通物理IA,66
201040703001,普通物理IB,72
201040703001,普通物理实验IIA,92
201040703001,普通物理实验IIB,89
201040703001,电工电子技术Ⅱ,81
201040703001,毕业论文,80
201040703001,汇编语言程序设计,87
201040703001,数字逻辑,62
201040703001,计算机组成与结构,91
201040703001,数据结构,69
201040703001,数据库原理,85
201040703001,计算机操作系统原理,84
201040703001,编译原理,60
201040703001,软件工程,75
201040703001,数据库系统设计,72
201040703001,面向对象程序设计方法,75
201040703001,算法设计与分析,89
201040703001,离散数学Ⅱ,79
201040703001,高级程序设计语言,84
201040703001,数据结构课程设计,63
201040703001,软件设计方法,85
201040703001,MFC程序设计基础,76
201040703001,Java软件开发,95
201040703001,数据挖掘技术,78
201040703001,软件项目管理,81
201040703001,计算机科学导论,88
201040703001,设计模式,80
201040703001,Web开发基础,82
201040703001,计算机网络原理,94
201040703001,人工智能及应用,83
201040703001,数理逻辑,68
201040703001,计算机专业英语,95
201040703001,大学英语IA,76
201040703001,大学英语IB,73
201040703001,大学英语IC,66
201040703001,大学英语ID,73
201040703001,影视动画设计,81
201040703001,数码照片拍摄及后期处理,70
201040703001,电子商务基础,82
201040703001,Linux环境程序设计,0
201040703001,汽车及使用,86
201040703001,诗词背诵,78
201040703002,毛泽东思想和中国特色社会主义理论体系概论,94
201040703002,毛泽东思想和中国特色社会主义理论体系概论,65
201040703002,思想道德修养与法律基础,77
201040703002,中国近现代史纲要,86
201040703002,马克思主义基本原理,76
201040703002,形势与政策,88
201040703002,网球BⅠ（男）,84
201040703002,网球BⅡ（男）,88
201040703002,武术散打AⅠ（男）,84
201040703002,武术散打AⅡ（男）,85
201040703002,高等数学ⅠA,86
201040703002,高等数学ⅠB,69
201040703002,工程数学I,79
201040703002,工程数学Ⅱ,84
201040703002,普通物理IA,63
201040703002,普通物理IB,73
201040703002,普通物理实验IIA,91
201040703002,普通物理实验IIB,91
201040703002,电工电子技术Ⅱ,83
201040703002,毕业论文,84
201040703002,汇编语言程序设计,83
201040703002,数字逻辑,91
201040703002,计算机组成与结构,83
201040703002,数据结构,86
201040703002,数据库原理,89
201040703002,计算机操作系统原理,75
201040703002,编译原理,80
201040703002,软件工程,70
201040703002,数据库系统设计,91
201040703002,面向对象程序设计方法,89
201040703002,算法设计与分析,84
201040703002,离散数学Ⅱ,83
201040703002,高级程序设计语言,90
201040703002,数据结构课程设计,83
201040703002,软件设计方法,74
201040703002,MFC程序设计基础,72
201040703002,Java软件开发,88
201040703002,数据挖掘技术,86
201040703002,软件项目管理,85
201040703002,计算机科学导论,89
201040703002,设计模式,81
201040703002,Web开发基础,87
201040703002,计算机网络原理,85
201040703002,人工智能及应用,94
201040703002,数理逻辑,84
201040703002,计算机专业英语,82
201040703002,大学英语IA,68
201040703002,大学英语IB,60
201040703002,大学英语IC,60
201040703002,大学英语ID,65
201040703002,文学作品赏析与写作,90
201040703002,手机软件开发,95
201040703002,人体生理学,90
201040703002,感染性疾病及其预防,87
201040703002,桥牌与逻辑思维,83
201040703004,毛泽东思想和中国特色社会主义理论体系概论,94
201040703004,毛泽东思想和中国特色社会主义理论体系概论,89
201040703004,思想道德修养与法律基础,85
201040703004,中国近现代史纲要,82
201040703004,马克思主义基本原理,87
201040703004,形势与政策,84
201040703004,网球BⅠ（女）,94
201040703004,网球BⅡ（女）,78
201040703004,乒乓球AⅠ（女）,92
201040703004,乒乓球AⅡ（女）,92
201040703004,高等数学ⅠA,84
201040703004,高等数学ⅠB,91
201040703004,工程数学I,88
201040703004,工程数学Ⅱ,94
201040703004,普通物理IA,86
201040703004,普通物理IB,82
201040703004,普通物理实验IIA,89
201040703004,普通物理实验IIB,89
201040703004,电工电子技术Ⅱ,97
201040703004,毕业论文,87
201040703004,汇编语言程序设计,91
201040703004,数字逻辑,95
201040703004,计算机组成与结构,91
201040703004,数据结构,92
201040703004,数据库原理,92
201040703004,计算机操作系统原理,90
201040703004,编译原理,93
201040703004,软件工程,91
201040703004,数据库系统设计,91
201040703004,面向对象程序设计方法,92
201040703004,算法设计与分析,90
201040703004,离散数学Ⅱ,88
201040703004,高级程序设计语言,90
201040703004,数据结构课程设计,87
201040703004,软件设计方法,93
201040703004,MFC程序设计基础,79
201040703004,Java软件开发,90
201040703004,数据挖掘技术,86
201040703004,软件项目管理,82
201040703004,计算机科学导论,88
201040703004,设计模式,84
201040703004,Web开发基础,90
201040703004,计算机网络原理,98
201040703004,人工智能及应用,95
201040703004,数理逻辑,88
201040703004,计算机专业英语,94
201040703004,大学英语IA,82
201040703004,大学英语IB,85
201040703004,大学英语IC,94
201040703004,大学英语ID,86
201040703004,国际经典影视广告赏析,84
201040703004,电子商务基础,98
201040703004,心理健康与指导,97
201040703004,证券投资研究,81
201040703004,管理心理学,78
201040703004,创意策划(上）,90
201040703005,毛泽东思想和中国特色社会主义理论体系概论,81
201040703005,毛泽东思想和中国特色社会主义理论体系概论,85
201040703005,思想道德修养与法律基础,87
201040703005,中国近现代史纲要,82
201040703005,马克思主义基本原理,68
201040703005,形势与政策,91
201040703005,排球AⅠ（女）,85
201040703005,排球AⅡ（女）,78
201040703005,网球BⅠ（女）,96
201040703005,网球BⅡ（女）,76
201040703005,高等数学ⅠA,79
201040703005,高等数学ⅠB,84
201040703005,工程数学I,85
201040703005,工程数学Ⅱ,82
201040703005,普通物理IA,77
201040703005,普通物理IB,82
201040703005,普通物理实验IIA,89
201040703005,普通物理实验IIB,90
201040703005,电工电子技术Ⅱ,91
201040703005,毕业论文,87
201040703005,汇编语言程序设计,92
201040703005,数字逻辑,93
201040703005,计算机组成与结构,84
201040703005,数据结构,86
201040703005,数据库原理,83
201040703005,计算机操作系统原理,87
201040703005,编译原理,81
201040703005,软件工程,87
201040703005,数据库系统设计,86
201040703005,面向对象程序设计方法,84
201040703005,算法设计与分析,90
201040703005,离散数学Ⅱ,81
201040703005,高级程序设计语言,79
201040703005,数据结构课程设计,83
201040703005,软件设计方法,82
201040703005,MFC程序设计基础,72
201040703005,Java软件开发,86
201040703005,数据挖掘技术,88
201040703005,软件项目管理,82
201040703005,计算机科学导论,90
201040703005,设计模式,75
201040703005,Web开发基础,83
201040703005,计算机网络原理,100
201040703005,人工智能及应用,95
201040703005,数理逻辑,95
201040703005,计算机专业英语,89
201040703005,大学英语IA,75
201040703005,大学英语IB,66
201040703005,大学英语IC,81
201040703005,大学英语ID,72
201040703005,影视动画设计,89
201040703005,数码时代：影像和我,81
201040703005,零起点PHP专业Web网站设计与开发,82
201040703005,人体生理学,90
201040703005,国际知名品牌服饰鉴赏,90
201040703006,毛泽东思想和中国特色社会主义理论体系概论,82
201040703006,毛泽东思想和中国特色社会主义理论体系概论,75
201040703006,思想道德修养与法律基础,77
201040703006,中国近现代史纲要,70
201040703006,马克思主义基本原理,60
201040703006,马克思主义基本原理,56
201040703006,形势与政策,90
201040703006,篮球BⅠ（女）,82
201040703006,篮球BⅡ（女）,87
201040703006,田径、定向越野AⅠ（女）,88
201040703006,田径、定向越野AⅡ（女）,90
201040703006,高等数学ⅠA,76
201040703006,高等数学ⅠB,64
201040703006,工程数学I,66
201040703006,工程数学Ⅱ,87
201040703006,普通物理IA,65
201040703006,普通物理IB,70
201040703006,普通物理实验IIA,86
201040703006,普通物理实验IIB,86
201040703006,电工电子技术Ⅱ,72
201040703006,毕业论文,82
201040703006,汇编语言程序设计,86
201040703006,数字逻辑,88
201040703006,计算机组成与结构,81
201040703006,数据结构,93
201040703006,数据库原理,92
201040703006,计算机操作系统原理,88
201040703006,编译原理,93
201040703006,软件工程,86
201040703006,数据库系统设计,85
201040703006,面向对象程序设计方法,93
201040703006,算法设计与分析,90
201040703006,离散数学Ⅱ,90
201040703006,高级程序设计语言,88
201040703006,数据结构课程设计,84
201040703006,软件设计方法,84
201040703006,MFC程序设计基础,78
201040703006,Java软件开发,82
201040703006,数据挖掘技术,61
201040703006,软件项目管理,78
201040703006,计算机科学导论,89
201040703006,设计模式,80
201040703006,Web开发基础,85
201040703006,计算机网络原理,94
201040703006,人工智能及应用,83
201040703006,数理逻辑,85
201040703006,计算机专业英语,93
201040703006,大学英语IA,81
201040703006,大学英语IB,78
201040703006,大学英语IC,82
201040703006,大学英语ID,81
201040703006,Photoshop数码合成与欣赏,90
201040703006,海洋药用资源,83
201040703006,希腊神话与医学英语术语,85
201040703006,图像处理与分析导论,93
201040703006,数学鉴赏,85
201040703006,国学背诵,0
201040703006,计算机操作系统原理,90
201040703006,计算机组成与结构,88
201040703006,计算机网络原理,90
201040703006,数据结构,88
201040703007,毛泽东思想和中国特色社会主义理论体系概论,78
201040703007,毛泽东思想和中国特色社会主义理论体系概论,89
201040703007,思想道德修养与法律基础,87
201040703007,中国近现代史纲要,74
201040703007,马克思主义基本原理,80
201040703007,形势与政策,88
201040703007,篮球AⅠ（女）,80
201040703007,篮球AII（女）,88
201040703007,乒乓球BⅠ（女）,87
201040703007,乒乓球BⅡ（女）,94
201040703007,高等数学ⅠA,84
201040703007,高等数学ⅠB,81
201040703007,工程数学I,83
201040703007,工程数学Ⅱ,97
201040703007,普通物理IA,70
201040703007,普通物理IB,78
201040703007,普通物理实验IIA,87
201040703007,普通物理实验IIB,88
201040703007,电工电子技术Ⅱ,93
201040703007,毕业论文,93
201040703007,汇编语言程序设计,93
201040703007,数字逻辑,94
201040703007,计算机组成与结构,90
201040703007,数据结构,97
201040703007,数据库原理,95
201040703007,计算机操作系统原理,92
201040703007,编译原理,87
201040703007,软件工程,82
201040703007,数据库系统设计,93
201040703007,面向对象程序设计方法,96
201040703007,算法设计与分析,89
201040703007,离散数学Ⅱ,92
201040703007,高级程序设计语言,98
201040703007,数据结构课程设计,95
201040703007,软件设计方法,88
201040703007,MFC程序设计基础,75
201040703007,Java软件开发,88
201040703007,数据挖掘技术,80
201040703007,软件项目管理,81
201040703007,计算机科学导论,90
201040703007,设计模式,91
201040703007,Web开发基础,94
201040703007,计算机网络原理,93
201040703007,人工智能及应用,80
201040703007,数理逻辑,90
201040703007,计算机专业英语,86
201040703007,大学英语IA,81
201040703007,大学英语IB,76
201040703007,大学英语IC,64
201040703007,大学英语ID,81
201040703007,文秘管理与写作,80
201040703007,Visual C++程序设计,82
201040703007,国学背诵,80
201040703007,琴棋书画,80
201040703007,图像处理与分析导论,86
201040703007,经典研读,94
201040703007,计算机操作系统原理,98
201040703007,计算机组成与结构,87
201040703007,计算机网络原理,90
201040703007,数据结构,90
201040703008,毛泽东思想和中国特色社会主义理论体系概论,85
201040703008,毛泽东思想和中国特色社会主义理论体系概论,80
201040703008,思想道德修养与法律基础,86
201040703008,中国近现代史纲要,82
201040703008,马克思主义基本原理,18
201040703008,马克思主义基本原理,60
201040703008,形势与政策,88
201040703008,足球AⅠ（男）,68
201040703008,足球AⅡ（男）,78
201040703008,健身BⅠ（男）,80
201040703008,健身BⅡ（男）,80
201040703008,高等数学ⅠA,90
201040703008,高等数学ⅠB,76
201040703008,工程数学I,72
201040703008,工程数学Ⅱ,72
201040703008,普通物理IA,80
201040703008,普通物理IB,78
201040703008,普通物理实验IIA,86
201040703008,普通物理实验IIB,87
201040703008,电工电子技术Ⅱ,88
201040703008,毕业论文,86
201040703008,汇编语言程序设计,86
201040703008,数字逻辑,82
201040703008,计算机组成与结构,82
201040703008,数据结构,79
201040703008,数据库原理,95
201040703008,计算机操作系统原理,85
201040703008,编译原理,87
201040703008,软件工程,83
201040703008,数据库系统设计,84
201040703008,面向对象程序设计方法,80
201040703008,算法设计与分析,91
201040703008,离散数学Ⅱ,75
201040703008,高级程序设计语言,89
201040703008,数据结构课程设计,93
201040703008,软件设计方法,82
201040703008,MFC程序设计基础,71
201040703008,Java软件开发,90
201040703008,数据挖掘技术,81
201040703008,软件项目管理,80
201040703008,计算机科学导论,89
201040703008,设计模式,75
201040703008,Web开发基础,84
201040703008,计算机网络原理,92
201040703008,人工智能及应用,84
201040703008,数理逻辑,94
201040703008,计算机专业英语,87
201040703008,大学英语IA,77
201040703008,大学英语IB,81
201040703008,大学英语IC,70
201040703008,大学英语ID,77
201040703008,服饰美学,60
201040703008,网页设计,85
201040703008,Linux环境程序设计,75
201040703008,管理心理学,76
201040703008,英语语言文化比较,72
201040703009,毛泽东思想和中国特色社会主义理论体系概论,84
201040703009,毛泽东思想和中国特色社会主义理论体系概论,62
201040703009,思想道德修养与法律基础,79
201040703009,中国近现代史纲要,77
201040703009,马克思主义基本原理,63
201040703009,形势与政策,86
201040703009,健身BⅠ（男）,90
201040703009,健身BⅡ（男）,91
201040703009,武术散打AⅠ（男）,87
201040703009,武术散打AⅡ（男）,94
201040703009,高等数学ⅠA,76
201040703009,高等数学ⅠB,75
201040703009,工程数学I,72
201040703009,工程数学Ⅱ,77
201040703009,普通物理IA,72
201040703009,普通物理IB,70
201040703009,普通物理实验IIA,86
201040703009,普通物理实验IIB,88
201040703009,电工电子技术Ⅱ,88
201040703009,毕业论文,93
201040703009,汇编语言程序设计,93
201040703009,数字逻辑,86
201040703009,计算机组成与结构,88
201040703009,数据结构,94
201040703009,数据库原理,86
201040703009,计算机操作系统原理,90
201040703009,编译原理,81
201040703009,软件工程,77
201040703009,数据库系统设计,89
201040703009,面向对象程序设计方法,85
201040703009,算法设计与分析,87
201040703009,离散数学Ⅱ,81
201040703009,高级程序设计语言,88
201040703009,数据结构课程设计,74
201040703009,软件设计方法,83
201040703009,MFC程序设计基础,72
201040703009,Java软件开发,91
201040703009,数据挖掘技术,91
201040703009,软件项目管理,73
201040703009,计算机科学导论,88
201040703009,设计模式,75
201040703009,Web开发基础,67
201040703009,计算机网络原理,82
201040703009,人工智能及应用,93
201040703009,数理逻辑,69
201040703009,计算机专业英语,93
201040703009,大学英语IA,57
201040703009,大学英语IA,46
201040703009,大学英语IA,60
201040703009,大学英语IB,60
201040703009,大学英语IC,67
201040703009,大学英语ID,60
201040703009,网页设计,94
201040703009,《高雅与流行音乐试听》,85
201040703009,电子商务基础,81
201040703009,市场调查与市场预测,90
201040703009,机械创新设计,89
201040703010,毛泽东思想和中国特色社会主义理论体系概论,75
201040703010,毛泽东思想和中国特色社会主义理论体系概论,70
201040703010,思想道德修养与法律基础,86
201040703010,中国近现代史纲要,74
201040703010,马克思主义基本原理,60
201040703010,形势与政策,86
201040703010,篮球BⅠ（男）,68
201040703010,篮球BⅡ（男）,77
201040703010,武术散打AⅠ（男）,84
201040703010,武术散打AⅡ（男）,78
201040703010,高等数学ⅠA,62
201040703010,高等数学ⅠB,82
201040703010,工程数学I,67
201040703010,工程数学Ⅱ,77
201040703010,普通物理IA,51
201040703010,普通物理IA,60
201040703010,普通物理IB,63
201040703010,普通物理实验IIA,90
201040703010,普通物理实验IIB,86
201040703010,电工电子技术Ⅱ,78
201040703010,毕业论文,91
201040703010,汇编语言程序设计,74
201040703010,数字逻辑,78
201040703010,计算机组成与结构,77
201040703010,数据结构,72
201040703010,数据库原理,84
201040703010,计算机操作系统原理,69
201040703010,编译原理,73
201040703010,软件工程,65
201040703010,数据库系统设计,81
201040703010,面向对象程序设计方法,73
201040703010,算法设计与分析,84
201040703010,离散数学Ⅱ,81
201040703010,高级程序设计语言,91
201040703010,数据结构课程设计,74
201040703010,软件设计方法,62
201040703010,MFC程序设计基础,77
201040703010,Java软件开发,83
201040703010,数据挖掘技术,60
201040703010,软件项目管理,73
201040703010,计算机科学导论,83
201040703010,设计模式,70
201040703010,Web开发基础,86
201040703010,计算机网络原理,69
201040703010,人工智能及应用,76
201040703010,数理逻辑,76
201040703010,计算机专业英语,92
201040703010,大学英语IA,71
201040703010,大学英语IB,68
201040703010,大学英语IC,60
201040703010,大学英语IC,53
201040703010,大学英语IC,54
201040703010,大学英语ID,61
201040703010,Linux环境程序设计,94
201040703010,基础心理学,82
201040703010,马克思主义中国化的历史进程及其规律,90
201040703010,高雅与流行音乐试听,84
201040703010,市场调查与市场预测,0
201040703010,汽车及使用,85
201040703011,毛泽东思想和中国特色社会主义理论体系概论,78
201040703011,毛泽东思想和中国特色社会主义理论体系概论,77
201040703011,思想道德修养与法律基础,88
201040703011,中国近现代史纲要,70
201040703011,马克思主义基本原理,60
201040703011,形势与政策,91
201040703011,足球AⅠ（男）,80
201040703011,足球AⅡ（男）,85
201040703011,健身BⅠ（男）,90
201040703011,健身BⅡ（男）,92
201040703011,高等数学ⅠA,86
201040703011,高等数学ⅠB,73
201040703011,工程数学I,82
201040703011,工程数学Ⅱ,82
201040703011,普通物理IA,77
201040703011,普通物理IB,78
201040703011,普通物理实验IIA,86
201040703011,普通物理实验IIB,86
201040703011,电工电子技术Ⅱ,94
201040703011,毕业论文,92
201040703011,汇编语言程序设计,79
201040703011,数字逻辑,88
201040703011,计算机组成与结构,87
201040703011,数据结构,87
201040703011,数据库原理,94
201040703011,计算机操作系统原理,87
201040703011,编译原理,84
201040703011,软件工程,82
201040703011,数据库系统设计,91
201040703011,面向对象程序设计方法,93
201040703011,算法设计与分析,83
201040703011,离散数学Ⅱ,88
201040703011,高级程序设计语言,88
201040703011,数据结构课程设计,92
201040703011,软件设计方法,75
201040703011,MFC程序设计基础,70
201040703011,Java软件开发,94
201040703011,数据挖掘技术,68
201040703011,软件项目管理,71
201040703011,计算机科学导论,81
201040703011,设计模式,97
201040703011,Web开发基础,91
201040703011,计算机网络原理,97
201040703011,人工智能及应用,87
201040703011,数理逻辑,95
201040703011,计算机专业英语,84
201040703011,大学英语IA,75
201040703011,大学英语IB,68
201040703011,大学英语IC,73
201040703011,大学英语ID,71
201040703011,计算机组装与维护(东校区）,85
201040703011,大学生就业指导与职业生涯规划,87
201040703011,ASP动态网页程序设计,86
201040703011,Web技术,90
201040703011,《红楼梦》解读,66
201040703011,计算机操作系统原理,98
201040703011,计算机组成与结构,80
201040703011,计算机网络原理,90
201040703011,数据结构,91
201040703012,毛泽东思想和中国特色社会主义理论体系概论,75
201040703012,毛泽东思想和中国特色社会主义理论体系概论,71
201040703012,思想道德修养与法律基础,72
201040703012,中国近现代史纲要,84
201040703012,马克思主义基本原理,60
201040703012,马克思主义基本原理,55
201040703012,形势与政策,88
201040703012,健美操BⅠ（女）,87
201040703012,健美操BⅡ（女）,97
201040703012,篮球AⅠ（女）,66
201040703012,篮球AII（女）,90
201040703012,高等数学ⅠA,71
201040703012,高等数学ⅠB,78
201040703012,工程数学I,93
201040703012,工程数学Ⅱ,94
201040703012,普通物理IA,44
201040703012,普通物理IA,60
201040703012,普通物理IB,84
201040703012,普通物理实验IIA,93
201040703012,普通物理实验IIB,92
201040703012,电工电子技术Ⅱ,92
201040703012,毕业论文,80
201040703012,汇编语言程序设计,82
201040703012,数字逻辑,90
201040703012,计算机组成与结构,89
201040703012,数据结构,88
201040703012,数据库原理,92
201040703012,计算机操作系统原理,89
201040703012,编译原理,79
201040703012,软件工程,74
201040703012,数据库系统设计,80
201040703012,面向对象程序设计方法,92
201040703012,算法设计与分析,93
201040703012,离散数学Ⅱ,80
201040703012,高级程序设计语言,89
201040703012,数据结构课程设计,85
201040703012,软件设计方法,68
201040703012,MFC程序设计基础,75
201040703012,Java软件开发,85
201040703012,数据挖掘技术,60
201040703012,软件项目管理,78
201040703012,计算机科学导论,88
201040703012,设计模式,85
201040703012,Web开发基础,84
201040703012,计算机网络原理,86
201040703012,人工智能及应用,85
201040703012,数理逻辑,93
201040703012,计算机专业英语,92
201040703012,大学英语IA,69
201040703012,大学英语IB,66
201040703012,大学英语IC,70
201040703012,大学英语ID,68
201040703012,管理学,85
201040703012,c语言程序设计,84
201040703012,网页设计,85
201040703012,数据库技术,85
201040703012,C/C++程序设计基础,84
201040703012,计算机操作系统原理,90
201040703012,计算机组成与结构,87
201040703012,计算机网络原理,90
201040703012,数据结构,90
201040703013,毛泽东思想和中国特色社会主义理论体系概论,76
201040703013,毛泽东思想和中国特色社会主义理论体系概论,78
201040703013,思想道德修养与法律基础,85
201040703013,中国近现代史纲要,84
201040703013,马克思主义基本原理,88
201040703013,形势与政策,80
201040703013,篮球BⅠ（男）,87
201040703013,篮球BⅡ（男）,90
201040703013,武术散打AⅠ（男）,87
201040703013,武术散打AⅡ（男）,87
201040703013,高等数学ⅠA,88
201040703013,高等数学ⅠB,82
201040703013,工程数学I,93
201040703013,工程数学Ⅱ,92
201040703013,普通物理IA,90
201040703013,普通物理IB,87
201040703013,普通物理实验IIA,89
201040703013,普通物理实验IIB,90
201040703013,电工电子技术Ⅱ,97
201040703013,毕业论文,87
201040703013,汇编语言程序设计,87
201040703013,数字逻辑,92
201040703013,计算机组成与结构,79
201040703013,数据结构,76
201040703013,数据库原理,80
201040703013,计算机操作系统原理,83
201040703013,编译原理,85
201040703013,软件工程,87
201040703013,数据库系统设计,87
201040703013,面向对象程序设计方法,93
201040703013,算法设计与分析,89
201040703013,离散数学Ⅱ,82
201040703013,高级程序设计语言,88
201040703013,数据结构课程设计,80
201040703013,软件设计方法,70
201040703013,MFC程序设计基础,71
201040703013,Java软件开发,77
201040703013,数据挖掘技术,61
201040703013,软件项目管理,74
201040703013,计算机科学导论,88
201040703013,设计模式,80
201040703013,Web开发基础,86
201040703013,计算机网络原理,91
201040703013,人工智能及应用,78
201040703013,数理逻辑,94
201040703013,计算机专业英语,70
201040703013,大学英语IA,81
201040703013,大学英语IB,81
201040703013,大学英语IC,84
201040703013,大学英语ID,80
201040703013,汽车及使用,86
201040703013,视频处理与欣赏,82
201040703013,创新思维与能力培养,84
201040703013,人文物理,82
201040703013,国学精要,88
201040703014,毛泽东思想和中国特色社会主义理论体系概论,85
201040703014,毛泽东思想和中国特色社会主义理论体系概论,76
201040703014,思想道德修养与法律基础,80
201040703014,中国近现代史纲要,82
201040703014,马克思主义基本原理,53
201040703014,马克思主义基本原理,60
201040703014,形势与政策,84
201040703014,健身BⅠ（男）,77
201040703014,健身BⅡ（男）,80
201040703014,体操AⅠ（男）,75
201040703014,体操AⅡ（男）,80
201040703014,高等数学ⅠA,75
201040703014,高等数学ⅠB,77
201040703014,工程数学I,64
201040703014,工程数学Ⅱ,81
201040703014,普通物理IA,74
201040703014,普通物理IB,69
201040703014,普通物理实验IIA,79
201040703014,普通物理实验IIB,88
201040703014,电工电子技术Ⅱ,86
201040703014,毕业论文,87
201040703014,汇编语言程序设计,84
201040703014,数字逻辑,74
201040703014,计算机组成与结构,74
201040703014,数据结构,77
201040703014,数据库原理,90
201040703014,计算机操作系统原理,87
201040703014,编译原理,64
201040703014,软件工程,89
201040703014,数据库系统设计,83
201040703014,面向对象程序设计方法,54
201040703014,面向对象程序设计方法,60
201040703014,算法设计与分析,86
201040703014,离散数学Ⅱ,75
201040703014,高级程序设计语言,87
201040703014,数据结构课程设计,80
201040703014,软件设计方法,64
201040703014,MFC程序设计基础,73
201040703014,Java软件开发,88
201040703014,数据挖掘技术,65
201040703014,软件项目管理,73
201040703014,计算机科学导论,89
201040703014,设计模式,71
201040703014,Web开发基础,78
201040703014,计算机网络原理,85
201040703014,人工智能及应用,85
201040703014,数理逻辑,90
201040703014,计算机专业英语,84
201040703014,大学英语IA,72
201040703014,大学英语IB,69
201040703014,大学英语IC,71
201040703014,大学英语ID,71
201040703014,桥牌与逻辑思维,82
201040703014,网络与计算机实用技术,88
201040703014,大学生必须培养的66种明智思维,88
201040703014,网页设计,85
201040703014,C语言程序设计,84
201040703014,现代战争博览,90
201040703014,计算机操作系统原理,90
201040703014,计算机组成与结构,80
201040703014,计算机网络原理,90
201040703014,数据结构,86
201040703015,毛泽东思想和中国特色社会主义理论体系概论,80
201040703015,毛泽东思想和中国特色社会主义理论体系概论,76
201040703015,思想道德修养与法律基础,79
201040703015,中国近现代史纲要,78
201040703015,马克思主义基本原理,55
201040703015,马克思主义基本原理,60
201040703015,形势与政策,88
201040703015,健身BⅠ（男）,80
201040703015,健身BⅡ（男）,82
201040703015,体操AⅠ（男）,76
201040703015,体操AⅡ（男）,76
201040703015,高等数学ⅠA,61
201040703015,高等数学ⅠB,60
201040703015,工程数学I,60
201040703015,工程数学Ⅱ,80
201040703015,普通物理IA,60
201040703015,普通物理IA,49
201040703015,普通物理IB,61
201040703015,普通物理实验IIA,79
201040703015,普通物理实验IIB,87
201040703015,电工电子技术Ⅱ,61
201040703015,毕业论文,82
201040703015,汇编语言程序设计,85
201040703015,数字逻辑,69
201040703015,计算机组成与结构,81
201040703015,数据结构,80
201040703015,数据库原理,100
201040703015,计算机操作系统原理,77
201040703015,编译原理,78
201040703015,软件工程,95
201040703015,数据库系统设计,90
201040703015,面向对象程序设计方法,85
201040703015,算法设计与分析,90
201040703015,离散数学Ⅱ,63
201040703015,高级程序设计语言,86
201040703015,数据结构课程设计,74
201040703015,软件设计方法,74
201040703015,MFC程序设计基础,76
201040703015,Java软件开发,85
201040703015,数据挖掘技术,70
201040703015,软件项目管理,73
201040703015,计算机科学导论,86
201040703015,设计模式,87
201040703015,Web开发基础,76
201040703015,计算机网络原理,93
201040703015,人工智能及应用,92
201040703015,数理逻辑,82
201040703015,计算机专业英语,85
201040703015,大学英语IA,63
201040703015,大学英语IB,63
201040703015,大学英语IC,60
201040703015,大学英语IC,52
201040703015,大学英语ID,65
201040703015,桥牌与逻辑思维,82
201040703015,《高雅与流行音乐试听》,83
201040703015,基础心理学,84
201040703015,大学语文,80
201040703015,C/C++程序设计基础,71
201040703015,计算机操作系统原理,98
201040703015,计算机组成与结构,81
201040703015,计算机网络原理,90
201040703015,数据结构,90
201040703016,毛泽东思想和中国特色社会主义理论体系概论,94
201040703016,毛泽东思想和中国特色社会主义理论体系概论,90
201040703016,思想道德修养与法律基础,84
201040703016,中国近现代史纲要,82
201040703016,马克思主义基本原理,85
201040703016,形势与政策,84
201040703016,足球AⅠ（男）,92
201040703016,足球AⅡ（男）,92
201040703016,足球BⅠ（男）,92
201040703016,足球BⅡ（男）,95
201040703016,高等数学ⅠA,49
201040703016,高等数学ⅠA,60
201040703016,高等数学ⅠB,88
201040703016,工程数学I,88
201040703016,工程数学Ⅱ,92
201040703016,普通物理IA,80
201040703016,普通物理IB,80
201040703016,普通物理实验IIA,89
201040703016,普通物理实验IIB,88
201040703016,电工电子技术Ⅱ,93
201040703016,毕业论文,82
201040703016,汇编语言程序设计,89
201040703016,数字逻辑,93
201040703016,计算机组成与结构,86
201040703016,数据结构,89
201040703016,数据库原理,89
201040703016,计算机操作系统原理,89
201040703016,编译原理,81
201040703016,软件工程,76
201040703016,数据库系统设计,86
201040703016,面向对象程序设计方法,86
201040703016,算法设计与分析,95
201040703016,离散数学Ⅱ,81
201040703016,高级程序设计语言,86
201040703016,数据结构课程设计,80
201040703016,软件设计方法,82
201040703016,MFC程序设计基础,73
201040703016,Java软件开发,88
201040703016,数据挖掘技术,69
201040703016,软件项目管理,83
201040703016,计算机科学导论,85
201040703016,设计模式,90
201040703016,Web开发基础,70
201040703016,计算机网络原理,74
201040703016,人工智能及应用,85
201040703016,数理逻辑,92
201040703016,计算机专业英语,87
201040703016,大学英语IA,77
201040703016,大学英语IB,79
201040703016,大学英语IC,86
201040703016,大学英语ID,80
201040703016,文学作品赏析与写作,90
201040703016,日常化学,84
201040703016,桥牌与逻辑思维,84
201040703016,网页设计,81
201040703016,大学生就业指导与职业生涯规划,84
201040703017,毛泽东思想和中国特色社会主义理论体系概论,81
201040703017,毛泽东思想和中国特色社会主义理论体系概论,68
201040703017,思想道德修养与法律基础,81
201040703017,中国近现代史纲要,66
201040703017,马克思主义基本原理,60
201040703017,马克思主义基本原理,55
201040703017,形势与政策,81
201040703017,排球BⅠ（男）,80
201040703017,排球BⅡ（男）,80
201040703017,武术散打AⅠ（男）,83
201040703017,武术散打AⅡ（男）,74
201040703017,高等数学ⅠA,67
201040703017,高等数学ⅠB,83
201040703017,工程数学I,77
201040703017,工程数学Ⅱ,88
201040703017,普通物理IA,74
201040703017,普通物理IB,76
201040703017,普通物理实验IIA,84
201040703017,普通物理实验IIB,81
201040703017,电工电子技术Ⅱ,79
201040703017,毕业论文,88
201040703017,汇编语言程序设计,89
201040703017,数字逻辑,66
201040703017,计算机组成与结构,73
201040703017,数据结构,86
201040703017,数据库原理,85
201040703017,计算机操作系统原理,80
201040703017,编译原理,79
201040703017,软件工程,73
201040703017,数据库系统设计,88
201040703017,面向对象程序设计方法,79
201040703017,算法设计与分析,86
201040703017,离散数学Ⅱ,75
201040703017,高级程序设计语言,92
201040703017,数据结构课程设计,80
201040703017,软件设计方法,78
201040703017,MFC程序设计基础,78
201040703017,Java软件开发,88
201040703017,数据挖掘技术,72
201040703017,软件项目管理,81
201040703017,计算机科学导论,90
201040703017,设计模式,75
201040703017,Web开发基础,78
201040703017,计算机网络原理,90
201040703017,人工智能及应用,84
201040703017,数理逻辑,90
201040703017,计算机专业英语,87
201040703017,大学英语IA,65
201040703017,大学英语IB,60
201040703017,大学英语IC,71
201040703017,大学英语ID,69
201040703017,视频处理与欣赏,85
201040703017,海洋药用资源,78
201040703017,数据库技术,86
201040703017,Linux环境程序设计,85
201040703017,英语语言文化比较,66
201040703018,毛泽东思想和中国特色社会主义理论体系概论,72
201040703018,毛泽东思想和中国特色社会主义理论体系概论,60
201040703018,思想道德修养与法律基础,79
201040703018,中国近现代史纲要,74
201040703018,马克思主义基本原理,68
201040703018,形势与政策,83
201040703018,足球AⅠ（男）,70
201040703018,足球AⅡ（男）,78
201040703018,足球BⅠ（男）,60
201040703018,足球BⅡ（男）,76
201040703018,高等数学ⅠA,87
201040703018,高等数学ⅠB,71
201040703018,工程数学I,84
201040703018,工程数学Ⅱ,90
201040703018,普通物理IA,75
201040703018,普通物理IB,79
201040703018,普通物理实验IIA,88
201040703018,普通物理实验IIB,89
201040703018,电工电子技术Ⅱ,82
201040703018,毕业论文,87
201040703018,汇编语言程序设计,74
201040703018,数字逻辑,80
201040703018,计算机组成与结构,61
201040703018,数据结构,77
201040703018,数据库原理,65
201040703018,计算机操作系统原理,79
201040703018,编译原理,60
201040703018,编译原理,40
201040703018,软件工程,61
201040703018,数据库系统设计,71
201040703018,面向对象程序设计方法,65
201040703018,算法设计与分析,72
201040703018,离散数学Ⅱ,74
201040703018,高级程序设计语言,77
201040703018,数据结构课程设计,62
201040703018,软件设计方法,79
201040703018,MFC程序设计基础,68
201040703018,Java软件开发,76
201040703018,数据挖掘技术,73
201040703018,软件项目管理,74
201040703018,计算机科学导论,83
201040703018,设计模式,70
201040703018,Web开发基础,60
201040703018,计算机网络原理,79
201040703018,人工智能及应用,76
201040703018,数理逻辑,87
201040703018,计算机专业英语,72
201040703018,大学英语IA,67
201040703018,大学英语IB,69
201040703018,大学英语IC,64
201040703018,大学英语ID,73
201040703018,电影艺术美学,83
201040703018,电脑绘画基础,70
201040703018,中国近现代史专题研究,64
201040703018,趣味纳米与低碳生活,84
201040703018,人文物理,86
201040703019,毛泽东思想和中国特色社会主义理论体系概论,84
201040703019,毛泽东思想和中国特色社会主义理论体系概论,71
201040703019,思想道德修养与法律基础,87
201040703019,中国近现代史纲要,84
201040703019,马克思主义基本原理,60
201040703019,形势与政策,88
201040703019,田径、定向越野BⅠ（男）,83
201040703019,田径、定向越野BⅡ（男）,86
201040703019,体操AⅠ（男）,62
201040703019,体操AⅡ（男）,65
201040703019,高等数学ⅠA,86
201040703019,高等数学ⅠB,84
201040703019,工程数学I,83
201040703019,工程数学Ⅱ,92
201040703019,普通物理IA,78
201040703019,普通物理IB,74
201040703019,普通物理实验IIA,88
201040703019,普通物理实验IIB,89
201040703019,电工电子技术Ⅱ,91
201040703019,毕业论文,82
201040703019,汇编语言程序设计,87
201040703019,数字逻辑,0
201040703019,数字逻辑,60
201040703019,计算机组成与结构,82
201040703019,数据结构,84
201040703019,数据库原理,90
201040703019,计算机操作系统原理,79
201040703019,编译原理,90
201040703019,软件工程,90
201040703019,数据库系统设计,83
201040703019,面向对象程序设计方法,84
201040703019,算法设计与分析,86
201040703019,离散数学Ⅱ,86
201040703019,高级程序设计语言,85
201040703019,数据结构课程设计,80
201040703019,软件设计方法,89
201040703019,MFC程序设计基础,72
201040703019,Java软件开发,85
201040703019,数据挖掘技术,78
201040703019,软件项目管理,85
201040703019,计算机科学导论,87
201040703019,设计模式,75
201040703019,Web开发基础,86
201040703019,计算机网络原理,91
201040703019,人工智能及应用,86
201040703019,数理逻辑,84
201040703019,计算机专业英语,85
201040703019,大学英语IA,73
201040703019,大学英语IB,68
201040703019,大学英语IC,63
201040703019,大学英语ID,74
201040703019,数字图像处理及在纺织中的应用,98
201040703019,网络与计算机实用技术,94
201040703019,视频处理与欣赏,82
201040703019,人文物理,90
201040703019,国学精要,90
201040703020,毛泽东思想和中国特色社会主义理论体系概论,79
201040703020,毛泽东思想和中国特色社会主义理论体系概论,81
201040703020,思想道德修养与法律基础,85
201040703020,中国近现代史纲要,85
201040703020,马克思主义基本原理,60
201040703020,形势与政策,88
201040703020,武术BⅠ（女）,90
201040703020,武术BⅡ（女）,96
201040703020,田径、定向越野AⅠ（女）,96
201040703020,田径、定向越野AⅡ（女）,98
201040703020,高等数学ⅠA,60
201040703020,高等数学ⅠB,81
201040703020,工程数学I,76
201040703020,工程数学Ⅱ,81
201040703020,普通物理IA,60
201040703020,普通物理IA,47
201040703020,普通物理IB,70
201040703020,普通物理实验IIA,90
201040703020,普通物理实验IIB,91
201040703020,电工电子技术Ⅱ,85
201040703020,毕业论文,78
201040703020,汇编语言程序设计,80
201040703020,数字逻辑,82
201040703020,计算机组成与结构,89
201040703020,数据结构,90
201040703020,数据库原理,87
201040703020,计算机操作系统原理,95
201040703020,编译原理,90
201040703020,软件工程,93
201040703020,数据库系统设计,89
201040703020,面向对象程序设计方法,90
201040703020,算法设计与分析,89
201040703020,离散数学Ⅱ,85
201040703020,高级程序设计语言,77
201040703020,数据结构课程设计,83
201040703020,软件设计方法,90
201040703020,MFC程序设计基础,79
201040703020,Java软件开发,90
201040703020,数据挖掘技术,90
201040703020,软件项目管理,78
201040703020,计算机科学导论,90
201040703020,设计模式,80
201040703020,Web开发基础,80
201040703020,计算机网络原理,99
201040703020,人工智能及应用,91
201040703020,数理逻辑,79
201040703020,计算机专业英语,96
201040703020,大学英语IA,67
201040703020,大学英语IB,68
201040703020,大学英语IC,76
201040703020,大学英语ID,76
201040703020,影视动画设计,89
201040703020,海洋药用资源,91
201040703020,C/C++程序设计基础,84
201040703020,传统体育养生学,98
201040703020,电脑绘画基础,90
201040703020,计算机操作系统原理,95
201040703020,计算机组成与结构,88
201040703020,计算机网络原理,90
201040703020,数据结构,78
201040703021,毛泽东思想和中国特色社会主义理论体系概论,90
201040703021,毛泽东思想和中国特色社会主义理论体系概论,82
201040703021,思想道德修养与法律基础,76
201040703021,中国近现代史纲要,66
201040703021,马克思主义基本原理,68
201040703021,形势与政策,87
201040703021,网球BⅠ（女）,83
201040703021,网球BⅡ（女）,68
201040703021,田径、定向越野AⅠ（女）,70
201040703021,田径、定向越野AⅡ（女）,70
201040703021,高等数学ⅠA,60
201040703021,高等数学ⅠA,44
201040703021,高等数学ⅠB,39
201040703021,高等数学ⅠB,60
201040703021,高等数学ⅠB,40
201040703021,工程数学I,25
201040703021,工程数学I,60
201040703021,工程数学I,28
201040703021,工程数学I,0
201040703021,工程数学I,0
201040703021,工程数学Ⅱ,60
201040703021,工程数学Ⅱ,51
201040703021,普通物理IA,60
201040703021,普通物理IA,43
201040703021,普通物理IB,60
201040703021,普通物理IB,56
201040703021,普通物理实验IIA,89
201040703021,普通物理实验IIB,91
201040703021,电工电子技术Ⅱ,50
201040703021,电工电子技术Ⅱ,60
201040703021,毕业论文,87
201040703021,汇编语言程序设计,64
201040703021,数字逻辑,40
201040703021,数字逻辑,60
201040703021,计算机组成与结构,87
201040703021,数据结构,66
201040703021,数据库原理,79
201040703021,计算机操作系统原理,65
201040703021,编译原理,60
201040703021,编译原理,36
201040703021,软件工程,70
201040703021,数据库系统设计,87
201040703021,面向对象程序设计方法,67
201040703021,算法设计与分析,88
201040703021,离散数学Ⅱ,69
201040703021,高级程序设计语言,70
201040703021,数据结构课程设计,93
201040703021,软件设计方法,88
201040703021,MFC程序设计基础,78
201040703021,Java软件开发,80
201040703021,数据挖掘技术,70
201040703021,软件项目管理,82
201040703021,计算机科学导论,90
201040703021,设计模式,80
201040703021,Web开发基础,79
201040703021,计算机网络原理,83
201040703021,人工智能及应用,86
201040703021,数理逻辑,60
201040703021,计算机专业英语,84
201040703021,大学英语IA,80
201040703021,大学英语IB,74
201040703021,大学英语IC,71
201040703021,大学英语ID,77
201040703021,海洋药用资源,93
201040703021,世界民族与宗教,85
201040703021,人体生理学,87
201040703021,中国历代服饰欣赏,86
201040703021,视频处理与欣赏,75
201040703022,毛泽东思想和中国特色社会主义理论体系概论,91
201040703022,毛泽东思想和中国特色社会主义理论体系概论,83
201040703022,思想道德修养与法律基础,86
201040703022,中国近现代史纲要,82
201040703022,马克思主义基本原理,68
201040703022,形势与政策,88
201040703022,排球AⅠ（女）,83
201040703022,排球AⅡ（女）,75
201040703022,网球BⅠ（女）,81
201040703022,高等数学ⅠA,73
201040703022,高等数学ⅠB,71
201040703022,工程数学I,61
201040703022,工程数学Ⅱ,78
201040703022,普通物理IA,60
201040703022,普通物理IB,72
201040703022,普通物理实验IIA,90
201040703022,普通物理实验IIB,89
201040703022,电工电子技术Ⅱ,82
201040703022,毕业论文,88
201040703022,汇编语言程序设计,88
201040703022,数字逻辑,88
201040703022,计算机组成与结构,90
201040703022,数据结构,91
201040703022,数据库原理,88
201040703022,计算机操作系统原理,89
201040703022,编译原理,90
201040703022,软件工程,93
201040703022,数据库系统设计,87
201040703022,面向对象程序设计方法,79
201040703022,算法设计与分析,93
201040703022,离散数学Ⅱ,71
201040703022,高级程序设计语言,89
201040703022,数据结构课程设计,85
201040703022,软件设计方法,94
201040703022,MFC程序设计基础,72
201040703022,Java软件开发,90
201040703022,数据挖掘技术,83
201040703022,软件项目管理,84
201040703022,计算机科学导论,88
201040703022,设计模式,75
201040703022,Web开发基础,86
201040703022,计算机网络原理,94
201040703022,人工智能及应用,100
201040703022,数理逻辑,82
201040703022,计算机专业英语,93
201040703022,大学英语IA,77
201040703022,大学英语IB,75
201040703022,大学英语IC,79
201040703022,大学英语ID,79
201040703022,影视动画设计,91
201040703022,零起点PHP专业Web网站设计与开发,80
201040703022,电子商务基础,86
201040703022,人体生理学,96
201040703022,国际知名品牌服饰鉴赏,91
201040703022,体育保健与康复,85
201040703023,毛泽东思想和中国特色社会主义理论体系概论,71
201040703023,毛泽东思想和中国特色社会主义理论体系概论,65
201040703023,思想道德修养与法律基础,75
201040703023,中国近现代史纲要,80
201040703023,马克思主义基本原理,61
201040703023,形势与政策,86
201040703023,足球AⅠ（男）,87
201040703023,足球AⅡ（男）,85
201040703023,排球BⅠ（男）,82
201040703023,排球BⅡ（男）,80
201040703023,高等数学ⅠA,60
201040703023,高等数学ⅠB,60
201040703023,高等数学ⅠB,44
201040703023,高等数学ⅠB,43
201040703023,工程数学I,60
201040703023,工程数学Ⅱ,61
201040703023,普通物理IA,46
201040703023,普通物理IA,60
201040703023,普通物理IB,60
201040703023,普通物理IB,53
201040703023,普通物理实验IIA,83
201040703023,普通物理实验IIB,84
201040703023,电工电子技术Ⅱ,37
201040703023,电工电子技术Ⅱ,60
201040703023,毕业论文,86
201040703023,汇编语言程序设计,66
201040703023,数字逻辑,60
201040703023,数字逻辑,51
201040703023,计算机组成与结构,60
201040703023,数据结构,65
201040703023,数据库原理,70
201040703023,计算机操作系统原理,70
201040703023,编译原理,60
201040703023,软件工程,60
201040703023,数据库系统设计,76
201040703023,面向对象程序设计方法,60
201040703023,算法设计与分析,84
201040703023,离散数学Ⅱ,60
201040703023,高级程序设计语言,70
201040703023,数据结构课程设计,62
201040703023,软件设计方法,76
201040703023,MFC程序设计基础,68
201040703023,Java软件开发,76
201040703023,数据挖掘技术,80
201040703023,软件项目管理,76
201040703023,计算机科学导论,87
201040703023,设计模式,70
201040703023,Web开发基础,61
201040703023,计算机网络原理,66
201040703023,人工智能及应用,80
201040703023,数理逻辑,69
201040703023,计算机专业英语,80
201040703023,大学英语IA,79
201040703023,大学英语IB,75
201040703023,大学英语IC,71
201040703023,大学英语ID,81
201040703023,网页设计,0
201040703023,基础心理学,85
201040703023,数字图像处理及应用,75
201040703023,网页设计,0
201040703023,图像处理与分析导论,91
201040703023,人文物理,84
201040703023,新型服装材料与面料,74
201040703024,毛泽东思想和中国特色社会主义理论体系概论,77
201040703024,毛泽东思想和中国特色社会主义理论体系概论,60
201040703024,毛泽东思想和中国特色社会主义理论体系概论,55
201040703024,思想道德修养与法律基础,70
201040703024,中国近现代史纲要,82
201040703024,马克思主义基本原理,61
201040703024,形势与政策,82
201040703024,足球BⅠ（男）,64
201040703024,足球BⅡ（男）,60
201040703024,武术散打AⅠ（男）,80
201040703024,武术散打AⅡ（男）,86
201040703024,高等数学ⅠA,72
201040703024,高等数学ⅠB,60
201040703024,工程数学I,67
201040703024,工程数学Ⅱ,71
201040703024,普通物理IA,77
201040703024,普通物理IB,62
201040703024,普通物理实验IIA,82
201040703024,普通物理实验IIB,86
201040703024,电工电子技术Ⅱ,60
201040703024,电工电子技术Ⅱ,53
201040703024,毕业论文,88
201040703024,汇编语言程序设计,60
201040703024,数字逻辑,60
201040703024,数字逻辑,49
201040703024,计算机组成与结构,22
201040703024,计算机组成与结构,60
201040703024,数据结构,60
201040703024,数据库原理,77
201040703024,计算机操作系统原理,64
201040703024,编译原理,60
201040703024,软件工程,60
201040703024,数据库系统设计,65
201040703024,面向对象程序设计方法,73
201040703024,算法设计与分析,64
201040703024,离散数学Ⅱ,60
201040703024,高级程序设计语言,85
201040703024,数据结构课程设计,85
201040703024,软件设计方法,64
201040703024,MFC程序设计基础,64
201040703024,Java软件开发,88
201040703024,数据挖掘技术,60
201040703024,软件项目管理,71
201040703024,计算机科学导论,88
201040703024,设计模式,65
201040703024,Web开发基础,64
201040703024,计算机网络原理,60
201040703024,计算机网络原理,35
201040703024,人工智能及应用,80
201040703024,数理逻辑,92
201040703024,计算机专业英语,60
201040703024,大学英语IA,60
201040703024,大学英语IB,66
201040703024,大学英语IC,60
201040703024,大学英语IC,52
201040703024,大学英语IC,45
201040703024,大学英语IC,54
201040703024,大学英语ID,60
201040703024,数字电子技术及其应用,0
201040703024,图像处理与分析导论,80
201040703024,PhotoshopCS2平面设计(东校区),84
201040703024,C语言程序设计,66
201040703024,ASP动态网页程序设计,95
201040703024,C/C++程序设计基础,71
201040703024,Visual C++ 程序设计,0
201040703024,计算机操作系统原理,90
201040703024,计算机组成与结构,81
201040703024,计算机网络原理,85
201040703024,数据结构,82
201040703025,毛泽东思想和中国特色社会主义理论体系概论,74
201040703025,毛泽东思想和中国特色社会主义理论体系概论,80
201040703025,思想道德修养与法律基础,71
201040703025,中国近现代史纲要,66
201040703025,马克思主义基本原理,61
201040703025,形势与政策,80
201040703025,武术BⅠ（女）,88
201040703025,武术BⅡ（女）,97
201040703025,田径、定向越野AⅠ（女）,93
201040703025,田径、定向越野AⅡ（女）,96
201040703025,高等数学ⅠA,60
201040703025,高等数学ⅠA,33
201040703025,高等数学ⅠA,46
201040703025,高等数学ⅠB,73
201040703025,工程数学I,60
201040703025,工程数学Ⅱ,62
201040703025,普通物理IA,40
201040703025,普通物理IA,60
201040703025,普通物理IB,60
201040703025,普通物理IB,44
201040703025,普通物理实验IIA,89
201040703025,普通物理实验IIB,89
201040703025,电工电子技术Ⅱ,60
201040703025,电工电子技术Ⅱ,50
201040703025,毕业论文,83
201040703025,汇编语言程序设计,80
201040703025,数字逻辑,70
201040703025,计算机组成与结构,80
201040703025,数据结构,90
201040703025,数据库原理,80
201040703025,计算机操作系统原理,71
201040703025,编译原理,76
201040703025,软件工程,75
201040703025,数据库系统设计,89
201040703025,面向对象程序设计方法,65
201040703025,算法设计与分析,90
201040703025,大数据技术,0
201040703025,大数据技术,87
201040703025,离散数学Ⅱ,78
201040703025,高级程序设计语言,69
201040703025,数据结构课程设计,86
201040703025,软件设计方法,82
201040703025,MFC程序设计基础,78
201040703025,Java软件开发,91
201040703025,数据挖掘技术,75
201040703025,软件项目管理,91
201040703025,计算机科学导论,88
201040703025,设计模式,80
201040703025,Web开发基础,85
201040703025,计算机网络原理,75
201040703025,人工智能及应用,94
201040703025,数理逻辑,70
201040703025,计算机专业英语,92
201040703025,大学英语IA,55
201040703025,大学英语IA,60
201040703025,大学英语IA,52
201040703025,大学英语IB,60
201040703025,大学英语IC,60
201040703025,大学英语ID,62
201040703025,影视动画设计,91
201040703025,生化危机,85
201040703025,语言艺术及礼仪规范,63
201040703025,艺术与设计,72
201040703025,电脑绘画基础,88
201040703027,毛泽东思想和中国特色社会主义理论体系概论,78
201040703027,毛泽东思想和中国特色社会主义理论体系概论,65
201040703027,思想道德修养与法律基础,79
201040703027,中国近现代史纲要,82
201040703027,马克思主义基本原理,64
201040703027,形势与政策,76
201040703027,足球BⅠ（男）,65
201040703027,足球BⅡ（男）,75
201040703027,武术散打AⅠ（男）,84
201040703027,武术散打AⅡ（男）,86
201040703027,高等数学ⅠA,51
201040703027,高等数学ⅠA,60
201040703027,高等数学ⅠB,67
201040703027,工程数学I,78
201040703027,工程数学Ⅱ,81
201040703027,普通物理IA,60
201040703027,普通物理IA,51
201040703027,普通物理IB,71
201040703027,普通物理实验IIA,83
201040703027,普通物理实验IIB,88
201040703027,电工电子技术Ⅱ,65
201040703027,毕业论文,82
201040703027,汇编语言程序设计,75
201040703027,数字逻辑,77
201040703027,计算机组成与结构,76
201040703027,数据结构,60
201040703027,数据库原理,68
201040703027,计算机操作系统原理,72
201040703027,编译原理,45
201040703027,编译原理,60
201040703027,软件工程,68
201040703027,数据库系统设计,78
201040703027,面向对象程序设计方法,83
201040703027,算法设计与分析,85
201040703027,离散数学Ⅱ,68
201040703027,高级程序设计语言,73
201040703027,数据结构课程设计,63
201040703027,软件设计方法,69
201040703027,MFC程序设计基础,68
201040703027,Java软件开发,71
201040703027,数据挖掘技术,79
201040703027,软件项目管理,78
201040703027,计算机科学导论,86
201040703027,设计模式,75
201040703027,Web开发基础,81
201040703027,计算机网络原理,90
201040703027,人工智能及应用,87
201040703027,数理逻辑,74
201040703027,计算机专业英语,91
201040703027,大学英语IA,56
201040703027,大学英语IA,60
201040703027,大学英语IB,83
201040703027,大学英语IC,81
201040703027,大学英语ID,78
201040703027,影视动画设计,88
201040703027,Linux环境程序设计,91
201040703027,PhotoshopCS2平面设计(东校区),85
201040703027,网页设计,79
201040703027,人文物理,79
201040703028,毛泽东思想和中国特色社会主义理论体系概论,79
201040703028,毛泽东思想和中国特色社会主义理论体系概论,74
201040703028,思想道德修养与法律基础,81
201040703028,中国近现代史纲要,82
201040703028,马克思主义基本原理,63
201040703028,形势与政策,80
201040703028,足球AⅠ（男）,92
201040703028,足球AⅡ（男）,92
201040703028,篮球BⅠ（男）,85
201040703028,篮球BⅡ（男）,88
201040703028,高等数学ⅠA,72
201040703028,高等数学ⅠB,86
201040703028,工程数学I,88
201040703028,工程数学Ⅱ,87
201040703028,普通物理IA,78
201040703028,普通物理IB,85
201040703028,普通物理实验IIA,89
201040703028,普通物理实验IIB,89
201040703028,电工电子技术Ⅱ,88
201040703028,毕业论文,84
201040703028,汇编语言程序设计,81
201040703028,数字逻辑,85
201040703028,计算机组成与结构,84
201040703028,数据结构,96
201040703028,数据库原理,91
201040703028,计算机操作系统原理,87
201040703028,编译原理,88
201040703028,软件工程,74
201040703028,数据库系统设计,88
201040703028,面向对象程序设计方法,88
201040703028,算法设计与分析,62
201040703028,离散数学Ⅱ,77
201040703028,高级程序设计语言,95
201040703028,数据结构课程设计,85
201040703028,软件设计方法,88
201040703028,MFC程序设计基础,70
201040703028,Java软件开发,99
201040703028,数据挖掘技术,83
201040703028,软件项目管理,72
201040703028,计算机科学导论,89
201040703028,设计模式,90
201040703028,Web开发基础,87
201040703028,计算机网络原理,93
201040703028,人工智能及应用,85
201040703028,数理逻辑,91
201040703028,计算机专业英语,85
201040703028,大学英语IA,80
201040703028,大学英语IB,71
201040703028,大学英语IC,61
201040703028,大学英语ID,71
201040703028,影视动画设计,74
201040703028,毛笔书法（东校区）,77
201040703028,红楼梦导读,85
201040703028,互联网与计算机系统安全操作实用指南,90
201040703028,Linux环境程序设计,0
201040703028,计算机发展史及前景：从历届图灵奖说起,70
201040703029,毛泽东思想和中国特色社会主义理论体系概论,90
201040703029,毛泽东思想和中国特色社会主义理论体系概论,89
201040703029,思想道德修养与法律基础,87
201040703029,中国近现代史纲要,80
201040703029,马克思主义基本原理,75
201040703029,形势与政策,86
201040703029,篮球BⅠ（女）,82
201040703029,篮球BⅡ（女）,86
201040703029,田径、定向越野AⅠ（女）,90
201040703029,田径、定向越野AⅡ（女）,90
201040703029,高等数学ⅠA,78
201040703029,高等数学ⅠB,67
201040703029,工程数学I,76
201040703029,工程数学Ⅱ,94
201040703029,普通物理IA,64
201040703029,普通物理IB,72
201040703029,普通物理实验IIA,89
201040703029,普通物理实验IIB,89
201040703029,电工电子技术Ⅱ,92
201040703029,毕业论文,90
201040703029,汇编语言程序设计,92
201040703029,数字逻辑,88
201040703029,计算机组成与结构,91
201040703029,数据结构,91
201040703029,数据库原理,95
201040703029,计算机操作系统原理,96
201040703029,编译原理,95
201040703029,软件工程,86
201040703029,数据库系统设计,93
201040703029,面向对象程序设计方法,90
201040703029,算法设计与分析,88
201040703029,离散数学Ⅱ,92
201040703029,高级程序设计语言,88
201040703029,数据结构课程设计,90
201040703029,软件设计方法,88
201040703029,MFC程序设计基础,80
201040703029,Java软件开发,89
201040703029,数据挖掘技术,69
201040703029,软件项目管理,80
201040703029,计算机科学导论,86
201040703029,设计模式,86
201040703029,Web开发基础,86
201040703029,计算机网络原理,87
201040703029,人工智能及应用,93
201040703029,数理逻辑,95
201040703029,计算机专业英语,89
201040703029,大学英语IA,77
201040703029,大学英语IB,82
201040703029,大学英语IC,87
201040703029,大学英语ID,85
201040703029,文秘管理与写作,84
201040703029,大学生就业指导与职业生涯规划,86
201040703029,网页设计,90
201040703029,ASP动态网页程序设计,91
201040703029,图像处理与分析导论,87
201040703029,计算机操作系统原理,98
201040703029,计算机组成与结构,92
201040703029,计算机网络原理,90
201040703029,数据结构,90
201040703030,毛泽东思想和中国特色社会主义理论体系概论,78
201040703030,毛泽东思想和中国特色社会主义理论体系概论,73
201040703030,思想道德修养与法律基础,77
201040703030,中国近现代史纲要,85
201040703030,马克思主义基本原理,68
201040703030,形势与政策,88
201040703030,足球AⅠ（男）,90
201040703030,足球AⅡ（男）,90
201040703030,足球BⅠ（男）,88
201040703030,足球BⅡ（男）,90
201040703030,高等数学ⅠA,90
201040703030,高等数学ⅠB,83
201040703030,工程数学I,90
201040703030,工程数学Ⅱ,95
201040703030,普通物理IA,92
201040703030,普通物理IB,93
201040703030,普通物理实验IIA,88
201040703030,普通物理实验IIB,88
201040703030,电工电子技术Ⅱ,94
201040703030,毕业论文,82
201040703030,汇编语言程序设计,88
201040703030,数字逻辑,95
201040703030,计算机组成与结构,92
201040703030,数据结构,89
201040703030,数据库原理,95
201040703030,计算机操作系统原理,93
201040703030,编译原理,83
201040703030,软件工程,89
201040703030,数据库系统设计,94
201040703030,面向对象程序设计方法,94
201040703030,算法设计与分析,95
201040703030,离散数学Ⅱ,85
201040703030,高级程序设计语言,92
201040703030,数据结构课程设计,93
201040703030,软件设计方法,73
201040703030,MFC程序设计基础,72
201040703030,Java软件开发,90
201040703030,数据挖掘技术,93
201040703030,软件项目管理,71
201040703030,计算机科学导论,89
201040703030,设计模式,90
201040703030,Web开发基础,87
201040703030,计算机网络原理,90
201040703030,人工智能及应用,86
201040703030,数理逻辑,92
201040703030,计算机专业英语,86
201040703030,大学英语IA,80
201040703030,大学英语IB,77
201040703030,大学英语IC,75
201040703030,大学英语ID,79
201040703030,c语言程序设计,90
201040703030,《高雅与流行音乐试听》,92
201040703030,国际知名品牌服饰鉴赏,80
201040703030,网页设计,95
201040703030,C/C++程序设计基础,72
201040703030,计算机操作系统原理,98
201040703030,计算机组成与结构,93
201040703030,计算机网络原理,90
201040703030,数据结构,96
201040703031,毛泽东思想和中国特色社会主义理论体系概论,73
201040703031,毛泽东思想和中国特色社会主义理论体系概论,60
201040703031,毛泽东思想和中国特色社会主义理论体系概论,55
201040703031,思想道德修养与法律基础,84
201040703031,中国近现代史纲要,70
201040703031,马克思主义基本原理,43
201040703031,马克思主义基本原理,60
201040703031,形势与政策,84
201040703031,篮球BⅠ（男）,68
201040703031,篮球BⅡ（男）,70
201040703031,武术散打AⅠ（男）,83
201040703031,武术散打AⅡ（男）,65
201040703031,高等数学ⅠA,45
201040703031,高等数学ⅠA,68
201040703031,高等数学ⅠA,50
201040703031,高等数学ⅠB,76
201040703031,工程数学I,65
201040703031,工程数学Ⅱ,60
201040703031,工程数学Ⅱ,43
201040703031,工程数学Ⅱ,4
201040703031,工程数学Ⅱ,12
201040703031,工程数学Ⅱ,10
201040703031,普通物理IA,60
201040703031,普通物理IB,69
201040703031,普通物理实验IIA,82
201040703031,普通物理实验IIB,83
201040703031,电工电子技术Ⅱ,64
201040703031,毕业论文,88
201040703031,汇编语言程序设计,79
201040703031,数字逻辑,69
201040703031,计算机组成与结构,62
201040703031,数据结构,62
201040703031,数据库原理,70
201040703031,计算机操作系统原理,71
201040703031,编译原理,30
201040703031,编译原理,60
201040703031,软件工程,83
201040703031,数据库系统设计,79
201040703031,面向对象程序设计方法,63
201040703031,算法设计与分析,83
201040703031,大数据技术,0
201040703031,大数据技术,86
201040703031,离散数学Ⅱ,70
201040703031,高级程序设计语言,82
201040703031,数据结构课程设计,74
201040703031,软件设计方法,66
201040703031,MFC程序设计基础,64
201040703031,Java软件开发,71
201040703031,数据挖掘技术,60
201040703031,软件项目管理,73
201040703031,计算机科学导论,87
201040703031,设计模式,70
201040703031,Web开发基础,79
201040703031,计算机网络原理,71
201040703031,人工智能及应用,80
201040703031,数理逻辑,83
201040703031,计算机专业英语,89
201040703031,大学英语IA,70
201040703031,大学英语IB,68
201040703031,大学英语IC,57
201040703031,大学英语IC,53
201040703031,大学英语IC,79
201040703031,大学英语ID,60
201040703031,数码照片拍摄及后期处理,66
201040703031,《高雅与流行音乐试听》,92
201040703031,国际经典影视广告赏析,0
201040703031,C语言程序设计,66
201040703031,互联网与计算机系统安全操作实用指南,90
201040703031,视频处理与欣赏,61
201040703031,计算机操作系统原理,90
201040703031,计算机组成与结构,81
201040703031,计算机网络原理,85
201040703031,数据结构,77
201040703032,毛泽东思想和中国特色社会主义理论体系概论,75
201040703032,毛泽东思想和中国特色社会主义理论体系概论,68
201040703032,思想道德修养与法律基础,74
201040703032,中国近现代史纲要,80
201040703032,马克思主义基本原理,62
201040703032,形势与政策,89
201040703032,篮球BⅠ（男）,62
201040703032,篮球BⅡ（男）,66
201040703032,武术散打AⅠ（男）,83
201040703032,武术散打AⅡ（男）,78
201040703032,高等数学ⅠA,86
201040703032,高等数学ⅠB,88
201040703032,工程数学I,92
201040703032,工程数学Ⅱ,87
201040703032,普通物理IA,78
201040703032,普通物理IB,73
201040703032,普通物理实验IIA,82
201040703032,普通物理实验IIB,88
201040703032,电工电子技术Ⅱ,91
201040703032,毕业论文,80
201040703032,汇编语言程序设计,80
201040703032,数字逻辑,91
201040703032,计算机组成与结构,68
201040703032,数据结构,82
201040703032,数据库原理,80
201040703032,计算机操作系统原理,76
201040703032,编译原理,62
201040703032,软件工程,76
201040703032,数据库系统设计,77
201040703032,面向对象程序设计方法,86
201040703032,算法设计与分析,83
201040703032,离散数学Ⅱ,72
201040703032,高级程序设计语言,89
201040703032,数据结构课程设计,62
201040703032,软件设计方法,75
201040703032,MFC程序设计基础,69
201040703032,Java软件开发,78
201040703032,数据挖掘技术,64
201040703032,软件项目管理,76
201040703032,计算机科学导论,85
201040703032,设计模式,70
201040703032,Web开发基础,76
201040703032,计算机网络原理,70
201040703032,人工智能及应用,74
201040703032,数理逻辑,98
201040703032,计算机专业英语,92
201040703032,大学英语IA,73
201040703032,大学英语IB,77
201040703032,大学英语IC,68
201040703032,大学英语ID,67
201040703032,国际贸易,79
201040703032,Linux环境程序设计,92
201040703032,PhotoshopCS2平面设计(东校区),85
201040703032,网页设计,89
201040703032,人文物理,82
201040703033,毛泽东思想和中国特色社会主义理论体系概论,88
201040703033,毛泽东思想和中国特色社会主义理论体系概论,86
201040703033,思想道德修养与法律基础,94
201040703033,中国近现代史纲要,76
201040703033,马克思主义基本原理,91
201040703033,形势与政策,84
201040703033,足球AⅠ（男）,88
201040703033,足球AⅡ（男）,70
201040703033,篮球BⅠ（男）,84
201040703033,篮球BⅡ（男）,77
201040703033,高等数学ⅠA,84
201040703033,高等数学ⅠB,93
201040703033,工程数学I,84
201040703033,工程数学Ⅱ,97
201040703033,普通物理IA,92
201040703033,普通物理IB,81
201040703033,普通物理实验IIA,91
201040703033,普通物理实验IIB,89
201040703033,电工电子技术Ⅱ,96
201040703033,毕业论文,93
201040703033,汇编语言程序设计,95
201040703033,数字逻辑,86
201040703033,计算机组成与结构,89
201040703033,数据结构,88
201040703033,数据库原理,93
201040703033,计算机操作系统原理,88
201040703033,编译原理,85
201040703033,软件工程,87
201040703033,数据库系统设计,87
201040703033,面向对象程序设计方法,97
201040703033,算法设计与分析,90
201040703033,离散数学Ⅱ,88
201040703033,高级程序设计语言,100
201040703033,数据结构课程设计,93
201040703033,软件设计方法,81
201040703033,MFC程序设计基础,76
201040703033,Java软件开发,96
201040703033,数据挖掘技术,84
201040703033,软件项目管理,71
201040703033,计算机科学导论,91
201040703033,设计模式,95
201040703033,Web开发基础,88
201040703033,计算机网络原理,96
201040703033,人工智能及应用,86
201040703033,数理逻辑,100
201040703033,计算机专业英语,78
201040703033,大学英语IA,74
201040703033,大学英语IB,77
201040703033,大学英语IC,75
201040703033,大学英语ID,75
201040703033,市场调查与市场预测,77
201040703033,管理学,90
201040703033,大学生就业指导与职业生涯规划,92
201040703033,网页设计,89
201040703033,C/C++程序设计基础,62
201040703033,数学模型与数学实验,86
201040703033,计算机操作系统原理,95
201040703033,计算机组成与结构,82
201040703033,计算机网络原理,85
201040703033,数据结构,90
